IDZipCode,Province/City,Wards,District,Country,Continents
1,Hồ Chí Minh,Phường Bến Nghé,Quận 1,Việt Nam,Châu Á
2,Hồ Chí Minh,Phường Bến Thành,Quận 1,Việt Nam,Châu Á
3,Hồ Chí Minh,Phường Cầu Kho,Quận 1,Việt Nam,Châu Á
4,Hồ Chí Minh,Phường Cầu Ông Lãnh,Quận 1,Việt Nam,Châu Á
5,Hồ Chí Minh,Phường Cô Giang,Quận 1,Việt Nam,Châu Á
6,Hồ Chí Minh,Phường Đa Kao,Quận 1,Việt Nam,Châu Á
7,Hồ Chí Minh,Phường Nguyễn Cư Trinh,Quận 1,Việt Nam,Châu Á
8,Hồ Chí Minh,Phường Nguyễn Thái Bình,Quận 1,Việt Nam,Châu Á
9,Hồ Chí Minh,Phường Phạm Ngũ Lão,Quận 1,Việt Nam,Châu Á
10,Hồ Chí Minh,Phường Tân Định,Quận 1,Việt Nam,Châu Á
11,Hồ Chí Minh,Phường An Khánh,Quận 2,Việt Nam,Châu Á
12,Hồ Chí Minh,Phường An Lợi Đông,Quận 2,Việt Nam,Châu Á
13,Hồ Chí Minh,Phường An Phú,Quận 2,Việt Nam,Châu Á
14,Hồ Chí Minh,Phường Bình An,Quận 2,Việt Nam,Châu Á
15,Hồ Chí Minh,Phường Bình Khánh,Quận 2,Việt Nam,Châu Á
16,Hồ Chí Minh,Phường Bình Trưng Đông,Quận 2,Việt Nam,Châu Á
17,Hồ Chí Minh,Phường Bình Trưng Tây,Quận 2,Việt Nam,Châu Á
18,Hồ Chí Minh,Phường Cát Lái,Quận 2,Việt Nam,Châu Á
19,Hồ Chí Minh,Phường Thạnh Mỹ Lợi,Quận 2,Việt Nam,Châu Á
20,Hồ Chí Minh,Phường Thảo Điền,Quận 2,Việt Nam,Châu Á
21,Hồ Chí Minh,Phường Thủ Thiêm,Quận 2,Việt Nam,Châu Á
22,Hồ Chí Minh,Phường 01,Quận 3,Việt Nam,Châu Á
23,Hồ Chí Minh,Phường 02,Quận 3,Việt Nam,Châu Á
24,Hồ Chí Minh,Phường 03,Quận 3,Việt Nam,Châu Á
25,Hồ Chí Minh,Phường 04,Quận 3,Việt Nam,Châu Á
26,Hồ Chí Minh,Phường 05,Quận 3,Việt Nam,Châu Á
27,Hồ Chí Minh,Phường 06,Quận 3,Việt Nam,Châu Á
28,Hồ Chí Minh,Phường 07,Quận 3,Việt Nam,Châu Á
29,Hồ Chí Minh,Phường 08,Quận 3,Việt Nam,Châu Á
30,Hồ Chí Minh,Phường 09,Quận 3,Việt Nam,Châu Á
31,Hồ Chí Minh,Phường 10,Quận 3,Việt Nam,Châu Á
32,Hồ Chí Minh,Phường 11,Quận 3,Việt Nam,Châu Á
33,Hồ Chí Minh,Phường 12,Quận 3,Việt Nam,Châu Á
34,Hồ Chí Minh,Phường 13,Quận 3,Việt Nam,Châu Á
35,Hồ Chí Minh,Phường 14,Quận 3,Việt Nam,Châu Á
36,Hồ Chí Minh,Phường 01,Quận 4,Việt Nam,Châu Á
37,Hồ Chí Minh,Phường 02,Quận 4,Việt Nam,Châu Á
38,Hồ Chí Minh,Phường 03,Quận 4,Việt Nam,Châu Á
39,Hồ Chí Minh,Phường 04,Quận 4,Việt Nam,Châu Á
40,Hồ Chí Minh,Phường 05,Quận 4,Việt Nam,Châu Á
41,Hồ Chí Minh,Phường 06,Quận 4,Việt Nam,Châu Á
42,Hồ Chí Minh,Phường 08,Quận 4,Việt Nam,Châu Á
43,Hồ Chí Minh,Phường 09,Quận 4,Việt Nam,Châu Á
44,Hồ Chí Minh,Phường 10,Quận 4,Việt Nam,Châu Á
45,Hồ Chí Minh,Phường 12,Quận 4,Việt Nam,Châu Á
46,Hồ Chí Minh,Phường 13,Quận 4,Việt Nam,Châu Á
47,Hồ Chí Minh,Phường 14,Quận 4,Việt Nam,Châu Á
48,Hồ Chí Minh,Phường 15,Quận 4,Việt Nam,Châu Á
49,Hồ Chí Minh,Phường 16,Quận 4,Việt Nam,Châu Á
50,Hồ Chí Minh,Phường 18,Quận 4,Việt Nam,Châu Á
51,Hồ Chí Minh,Phường 01,Quận 5,Việt Nam,Châu Á
52,Hồ Chí Minh,Phường 02,Quận 5,Việt Nam,Châu Á
53,Hồ Chí Minh,Phường 03,Quận 5,Việt Nam,Châu Á
54,Hồ Chí Minh,Phường 04,Quận 5,Việt Nam,Châu Á
55,Hồ Chí Minh,Phường 05,Quận 5,Việt Nam,Châu Á
56,Hồ Chí Minh,Phường 06,Quận 5,Việt Nam,Châu Á
57,Hồ Chí Minh,Phường 07,Quận 5,Việt Nam,Châu Á
58,Hồ Chí Minh,Phường 08,Quận 5,Việt Nam,Châu Á
59,Hồ Chí Minh,Phường 09,Quận 5,Việt Nam,Châu Á
60,Hồ Chí Minh,Phường 10,Quận 5,Việt Nam,Châu Á
61,Hồ Chí Minh,Phường 11,Quận 5,Việt Nam,Châu Á
62,Hồ Chí Minh,Phường 12,Quận 5,Việt Nam,Châu Á
63,Hồ Chí Minh,Phường 13,Quận 5,Việt Nam,Châu Á
64,Hồ Chí Minh,Phường 14,Quận 5,Việt Nam,Châu Á
65,Hồ Chí Minh,Phường 15,Quận 5,Việt Nam,Châu Á
66,Hồ Chí Minh,Phường 01,Quận 6,Việt Nam,Châu Á
67,Hồ Chí Minh,Phường 02,Quận 6,Việt Nam,Châu Á
68,Hồ Chí Minh,Phường 03,Quận 6,Việt Nam,Châu Á
69,Hồ Chí Minh,Phường 04,Quận 6,Việt Nam,Châu Á
70,Hồ Chí Minh,Phường 05,Quận 6,Việt Nam,Châu Á
71,Hồ Chí Minh,Phường 06,Quận 6,Việt Nam,Châu Á
72,Hồ Chí Minh,Phường 07,Quận 6,Việt Nam,Châu Á
73,Hồ Chí Minh,Phường 08,Quận 6,Việt Nam,Châu Á
74,Hồ Chí Minh,Phường 09,Quận 6,Việt Nam,Châu Á
75,Hồ Chí Minh,Phường 10,Quận 6,Việt Nam,Châu Á
76,Hồ Chí Minh,Phường 11,Quận 6,Việt Nam,Châu Á
77,Hồ Chí Minh,Phường 12,Quận 6,Việt Nam,Châu Á
78,Hồ Chí Minh,Phường 13,Quận 6,Việt Nam,Châu Á
79,Hồ Chí Minh,Phường 14,Quận 6,Việt Nam,Châu Á
80,Hồ Chí Minh,Phường Bình Thuận,Quận 7,Việt Nam,Châu Á
81,Hồ Chí Minh,Phường Phú Mỹ,Quận 7,Việt Nam,Châu Á
82,Hồ Chí Minh,Phường Phú Thuận,Quận 7,Việt Nam,Châu Á
83,Hồ Chí Minh,Phường Tân Hưng,Quận 7,Việt Nam,Châu Á
84,Hồ Chí Minh,Phường Tân Kiểng,Quận 7,Việt Nam,Châu Á
85,Hồ Chí Minh,Phường Tân Phong,Quận 7,Việt Nam,Châu Á
86,Hồ Chí Minh,Phường Tân Phú,Quận 7,Việt Nam,Châu Á
87,Hồ Chí Minh,Phường Tân Quy,Quận 7,Việt Nam,Châu Á
88,Hồ Chí Minh,Phường Tân Thuận Đông,Quận 7,Việt Nam,Châu Á
89,Hồ Chí Minh,Phường Tân Thuận Tây,Quận 7,Việt Nam,Châu Á
90,Hồ Chí Minh,Phường 01,Quận 8,Việt Nam,Châu Á
91,Hồ Chí Minh,Phường 02,Quận 8,Việt Nam,Châu Á
92,Hồ Chí Minh,Phường 03,Quận 8,Việt Nam,Châu Á
93,Hồ Chí Minh,Phường 04,Quận 8,Việt Nam,Châu Á
94,Hồ Chí Minh,Phường 05,Quận 8,Việt Nam,Châu Á
95,Hồ Chí Minh,Phường 06,Quận 8,Việt Nam,Châu Á
96,Hồ Chí Minh,Phường 07,Quận 8,Việt Nam,Châu Á
97,Hồ Chí Minh,Phường 08,Quận 8,Việt Nam,Châu Á
98,Hồ Chí Minh,Phường 09,Quận 8,Việt Nam,Châu Á
99,Hồ Chí Minh,Phường 10,Quận 8,Việt Nam,Châu Á
100,Hồ Chí Minh,Phường 11,Quận 8,Việt Nam,Châu Á
101,Hồ Chí Minh,Phường 12,Quận 8,Việt Nam,Châu Á
102,Hồ Chí Minh,Phường 13,Quận 8,Việt Nam,Châu Á
103,Hồ Chí Minh,Phường 14,Quận 8,Việt Nam,Châu Á
104,Hồ Chí Minh,Phường 15,Quận 8,Việt Nam,Châu Á
105,Hồ Chí Minh,Phường 16,Quận 8,Việt Nam,Châu Á
106,Hồ Chí Minh,Phường Hiệp Phú,Quận 9,Việt Nam,Châu Á
107,Hồ Chí Minh,Phường Long Bình,Quận 9,Việt Nam,Châu Á
108,Hồ Chí Minh,Phường Long Phước,Quận 9,Việt Nam,Châu Á
109,Hồ Chí Minh,Phường Long Thạnh Mỹ,Quận 9,Việt Nam,Châu Á
110,Hồ Chí Minh,Phường Long Trường,Quận 9,Việt Nam,Châu Á
111,Hồ Chí Minh,Phường Phú Hữu,Quận 9,Việt Nam,Châu Á
112,Hồ Chí Minh,Phường Phước Bình,Quận 9,Việt Nam,Châu Á
113,Hồ Chí Minh,Phường Phước Long A,Quận 9,Việt Nam,Châu Á
114,Hồ Chí Minh,Phường Phước Long B,Quận 9,Việt Nam,Châu Á
115,Hồ Chí Minh,Phường Tân Phú,Quận 9,Việt Nam,Châu Á
116,Hồ Chí Minh,Phường Tăng Nhơn Phú A,Quận 9,Việt Nam,Châu Á
117,Hồ Chí Minh,Phường Tăng Nhơn Phú B,Quận 9,Việt Nam,Châu Á
118,Hồ Chí Minh,Phường Trường Thạnh,Quận 9,Việt Nam,Châu Á
119,Hồ Chí Minh,Phường 01,Quận 10,Việt Nam,Châu Á
120,Hồ Chí Minh,Phường 02,Quận 10,Việt Nam,Châu Á
121,Hồ Chí Minh,Phường 03,Quận 10,Việt Nam,Châu Á
122,Hồ Chí Minh,Phường 04,Quận 10,Việt Nam,Châu Á
123,Hồ Chí Minh,Phường 05,Quận 10,Việt Nam,Châu Á
124,Hồ Chí Minh,Phường 06,Quận 10,Việt Nam,Châu Á
125,Hồ Chí Minh,Phường 07,Quận 10,Việt Nam,Châu Á
126,Hồ Chí Minh,Phường 08,Quận 10,Việt Nam,Châu Á
127,Hồ Chí Minh,Phường 09,Quận 10,Việt Nam,Châu Á
128,Hồ Chí Minh,Phường 10,Quận 10,Việt Nam,Châu Á
129,Hồ Chí Minh,Phường 11,Quận 10,Việt Nam,Châu Á
130,Hồ Chí Minh,Phường 12,Quận 10,Việt Nam,Châu Á
131,Hồ Chí Minh,Phường 13,Quận 10,Việt Nam,Châu Á
132,Hồ Chí Minh,Phường 14,Quận 10,Việt Nam,Châu Á
133,Hồ Chí Minh,Phường 15,Quận 10,Việt Nam,Châu Á
134,Hồ Chí Minh,Phường 01,Quận 11,Việt Nam,Châu Á
135,Hồ Chí Minh,Phường 02,Quận 11,Việt Nam,Châu Á
136,Hồ Chí Minh,Phường 03,Quận 11,Việt Nam,Châu Á
137,Hồ Chí Minh,Phường 04,Quận 11,Việt Nam,Châu Á
138,Hồ Chí Minh,Phường 05,Quận 11,Việt Nam,Châu Á
139,Hồ Chí Minh,Phường 06,Quận 11,Việt Nam,Châu Á
140,Hồ Chí Minh,Phường 07,Quận 11,Việt Nam,Châu Á
141,Hồ Chí Minh,Phường 08,Quận 11,Việt Nam,Châu Á
142,Hồ Chí Minh,Phường 09,Quận 11,Việt Nam,Châu Á
143,Hồ Chí Minh,Phường 10,Quận 11,Việt Nam,Châu Á
144,Hồ Chí Minh,Phường 11,Quận 11,Việt Nam,Châu Á
145,Hồ Chí Minh,Phường 12,Quận 11,Việt Nam,Châu Á
146,Hồ Chí Minh,Phường 13,Quận 11,Việt Nam,Châu Á
147,Hồ Chí Minh,Phường 14,Quận 11,Việt Nam,Châu Á
148,Hồ Chí Minh,Phường 15,Quận 11,Việt Nam,Châu Á
149,Hồ Chí Minh,Phường 16,Quận 11,Việt Nam,Châu Á
150,Hồ Chí Minh,Phường An Phú Đông,Quận 12,Việt Nam,Châu Á
151,Hồ Chí Minh,Phường Đông Hưng Thuận,Quận 12,Việt Nam,Châu Á
152,Hồ Chí Minh,Phường Hiệp Thành,Quận 12,Việt Nam,Châu Á
153,Hồ Chí Minh,Phường Tân Chánh Hiệp,Quận 12,Việt Nam,Châu Á
154,Hồ Chí Minh,Phường Tân Hưng Thuận,Quận 12,Việt Nam,Châu Á
155,Hồ Chí Minh,Phường Tân Thới Hiệp,Quận 12,Việt Nam,Châu Á
156,Hồ Chí Minh,Phường Tân Thới Nhất,Quận 12,Việt Nam,Châu Á
157,Hồ Chí Minh,Phường Thạnh Lộc,Quận 12,Việt Nam,Châu Á
158,Hồ Chí Minh,Phường Thạnh Xuân,Quận 12,Việt Nam,Châu Á
159,Hồ Chí Minh,Phường Thới An,Quận 12,Việt Nam,Châu Á
160,Hồ Chí Minh,Phường Trung Mỹ Tây,Quận 12,Việt Nam,Châu Á
161,Hồ Chí Minh,Phường 01,Quận Tân Bình,Việt Nam,Châu Á
162,Hồ Chí Minh,Phường 02,Quận Tân Bình,Việt Nam,Châu Á
163,Hồ Chí Minh,Phường 03,Quận Tân Bình,Việt Nam,Châu Á
164,Hồ Chí Minh,Phường 04,Quận Tân Bình,Việt Nam,Châu Á
165,Hồ Chí Minh,Phường 05,Quận Tân Bình,Việt Nam,Châu Á
166,Hồ Chí Minh,Phường 06,Quận Tân Bình,Việt Nam,Châu Á
167,Hồ Chí Minh,Phường 07,Quận Tân Bình,Việt Nam,Châu Á
168,Hồ Chí Minh,Phường 08,Quận Tân Bình,Việt Nam,Châu Á
169,Hồ Chí Minh,Phường 09,Quận Tân Bình,Việt Nam,Châu Á
170,Hồ Chí Minh,Phường 10,Quận Tân Bình,Việt Nam,Châu Á
171,Hồ Chí Minh,Phường 11,Quận Tân Bình,Việt Nam,Châu Á
172,Hồ Chí Minh,Phường 12,Quận Tân Bình,Việt Nam,Châu Á
173,Hồ Chí Minh,Phường 13,Quận Tân Bình,Việt Nam,Châu Á
174,Hồ Chí Minh,Phường 14,Quận Tân Bình,Việt Nam,Châu Á
175,Hồ Chí Minh,Phường 15,Quận Tân Bình,Việt Nam,Châu Á
176,Hồ Chí Minh,Phường Hiệp Tân,Quận Tân Phú,Việt Nam,Châu Á
177,Hồ Chí Minh,Phường Hoà Thạnh,Quận Tân Phú,Việt Nam,Châu Á
178,Hồ Chí Minh,Phường Phú Thạnh,Quận Tân Phú,Việt Nam,Châu Á
179,Hồ Chí Minh,Phường Phú Thọ Hoà,Quận Tân Phú,Việt Nam,Châu Á
180,Hồ Chí Minh,Phường Phú Trung,Quận Tân Phú,Việt Nam,Châu Á
181,Hồ Chí Minh,Phường Sơn Kỳ,Quận Tân Phú,Việt Nam,Châu Á
182,Hồ Chí Minh,Phường Tân Quý,Quận Tân Phú,Việt Nam,Châu Á
183,Hồ Chí Minh,Phường Tân Sơn Nhì,Quận Tân Phú,Việt Nam,Châu Á
184,Hồ Chí Minh,Phường Tân Thành,Quận Tân Phú,Việt Nam,Châu Á
185,Hồ Chí Minh,Phường Tân Thới Hoà,Quận Tân Phú,Việt Nam,Châu Á
186,Hồ Chí Minh,Phường Tây Thạnh,Quận Tân Phú,Việt Nam,Châu Á
187,Hồ Chí Minh,Phường 01,Quận Phú Nhuận,Việt Nam,Châu Á
188,Hồ Chí Minh,Phường 02,Quận Phú Nhuận,Việt Nam,Châu Á
189,Hồ Chí Minh,Phường 03,Quận Phú Nhuận,Việt Nam,Châu Á
190,Hồ Chí Minh,Phường 04,Quận Phú Nhuận,Việt Nam,Châu Á
191,Hồ Chí Minh,Phường 05,Quận Phú Nhuận,Việt Nam,Châu Á
192,Hồ Chí Minh,Phường 07,Quận Phú Nhuận,Việt Nam,Châu Á
193,Hồ Chí Minh,Phường 08,Quận Phú Nhuận,Việt Nam,Châu Á
194,Hồ Chí Minh,Phường 09,Quận Phú Nhuận,Việt Nam,Châu Á
195,Hồ Chí Minh,Phường 10,Quận Phú Nhuận,Việt Nam,Châu Á
196,Hồ Chí Minh,Phường 11,Quận Phú Nhuận,Việt Nam,Châu Á
197,Hồ Chí Minh,Phường 12,Quận Phú Nhuận,Việt Nam,Châu Á
198,Hồ Chí Minh,Phường 13,Quận Phú Nhuận,Việt Nam,Châu Á
199,Hồ Chí Minh,Phường 14,Quận Phú Nhuận,Việt Nam,Châu Á
200,Hồ Chí Minh,Phường 15,Quận Phú Nhuận,Việt Nam,Châu Á
201,Hồ Chí Minh,Phường 17,Quận Phú Nhuận,Việt Nam,Châu Á
202,Hồ Chí Minh,Phường 01,Quận Gò Vấp,Việt Nam,Châu Á
203,Hồ Chí Minh,Phường 03,Quận Gò Vấp,Việt Nam,Châu Á
204,Hồ Chí Minh,Phường 04,Quận Gò Vấp,Việt Nam,Châu Á
205,Hồ Chí Minh,Phường 05,Quận Gò Vấp,Việt Nam,Châu Á
206,Hồ Chí Minh,Phường 06,Quận Gò Vấp,Việt Nam,Châu Á
207,Hồ Chí Minh,Phường 07,Quận Gò Vấp,Việt Nam,Châu Á
208,Hồ Chí Minh,Phường 08,Quận Gò Vấp,Việt Nam,Châu Á
209,Hồ Chí Minh,Phường 09,Quận Gò Vấp,Việt Nam,Châu Á
210,Hồ Chí Minh,Phường 10,Quận Gò Vấp,Việt Nam,Châu Á
211,Hồ Chí Minh,Phường 11,Quận Gò Vấp,Việt Nam,Châu Á
212,Hồ Chí Minh,Phường 12,Quận Gò Vấp,Việt Nam,Châu Á
213,Hồ Chí Minh,Phường 13,Quận Gò Vấp,Việt Nam,Châu Á
214,Hồ Chí Minh,Phường 14,Quận Gò Vấp,Việt Nam,Châu Á
215,Hồ Chí Minh,Phường 15,Quận Gò Vấp,Việt Nam,Châu Á
216,Hồ Chí Minh,Phường 16,Quận Gò Vấp,Việt Nam,Châu Á
217,Hồ Chí Minh,Phường 17,Quận Gò Vấp,Việt Nam,Châu Á
218,Hồ Chí Minh,Phường 01,Quận Bình Thạnh,Việt Nam,Châu Á
219,Hồ Chí Minh,Phường 02,Quận Bình Thạnh,Việt Nam,Châu Á
220,Hồ Chí Minh,Phường 03,Quận Bình Thạnh,Việt Nam,Châu Á
221,Hồ Chí Minh,Phường 05,Quận Bình Thạnh,Việt Nam,Châu Á
222,Hồ Chí Minh,Phường 06,Quận Bình Thạnh,Việt Nam,Châu Á
223,Hồ Chí Minh,Phường 07,Quận Bình Thạnh,Việt Nam,Châu Á
224,Hồ Chí Minh,Phường 11,Quận Bình Thạnh,Việt Nam,Châu Á
225,Hồ Chí Minh,Phường 12,Quận Bình Thạnh,Việt Nam,Châu Á
226,Hồ Chí Minh,Phường 13,Quận Bình Thạnh,Việt Nam,Châu Á
227,Hồ Chí Minh,Phường 14,Quận Bình Thạnh,Việt Nam,Châu Á
228,Hồ Chí Minh,Phường 15,Quận Bình Thạnh,Việt Nam,Châu Á
229,Hồ Chí Minh,Phường 17,Quận Bình Thạnh,Việt Nam,Châu Á
230,Hồ Chí Minh,Phường 19,Quận Bình Thạnh,Việt Nam,Châu Á
231,Hồ Chí Minh,Phường 21,Quận Bình Thạnh,Việt Nam,Châu Á
232,Hồ Chí Minh,Phường 22,Quận Bình Thạnh,Việt Nam,Châu Á
233,Hồ Chí Minh,Phường 24,Quận Bình Thạnh,Việt Nam,Châu Á
234,Hồ Chí Minh,Phường 25,Quận Bình Thạnh,Việt Nam,Châu Á
235,Hồ Chí Minh,Phường 26,Quận Bình Thạnh,Việt Nam,Châu Á
236,Hồ Chí Minh,Phường 27,Quận Bình Thạnh,Việt Nam,Châu Á
237,Hồ Chí Minh,Phường 28,Quận Bình Thạnh,Việt Nam,Châu Á
238,Hồ Chí Minh,Phường Bình Chiểu,Quận Thủ Đức,Việt Nam,Châu Á
239,Hồ Chí Minh,Phường Bình Thọ,Quận Thủ Đức,Việt Nam,Châu Á
240,Hồ Chí Minh,Phường Hiệp Bình Chánh,Quận Thủ Đức,Việt Nam,Châu Á
241,Hồ Chí Minh,Phường Hiệp Bình Phước,Quận Thủ Đức,Việt Nam,Châu Á
242,Hồ Chí Minh,Phường Linh Chiểu,Quận Thủ Đức,Việt Nam,Châu Á
243,Hồ Chí Minh,Phường Linh Đông,Quận Thủ Đức,Việt Nam,Châu Á
244,Hồ Chí Minh,Phường Linh Tây,Quận Thủ Đức,Việt Nam,Châu Á
245,Hồ Chí Minh,Phường Linh Trung,Quận Thủ Đức,Việt Nam,Châu Á
246,Hồ Chí Minh,Phường Linh Xuân,Quận Thủ Đức,Việt Nam,Châu Á
247,Hồ Chí Minh,Phường Tam Bình,Quận Thủ Đức,Việt Nam,Châu Á
248,Hồ Chí Minh,Phường Tam Phú,Quận Thủ Đức,Việt Nam,Châu Á
249,Hồ Chí Minh,Phường Trường Thọ,Quận Thủ Đức,Việt Nam,Châu Á
250,Hồ Chí Minh,Phường An Lạc,Quận Bình Tân,Việt Nam,Châu Á
251,Hồ Chí Minh,Phường An Lạc A,Quận Bình Tân,Việt Nam,Châu Á
252,Hồ Chí Minh,Phường Bình Hưng Hòa,Quận Bình Tân,Việt Nam,Châu Á
253,Hồ Chí Minh,Phường Bình Hưng Hòa A,Quận Bình Tân,Việt Nam,Châu Á
254,Hồ Chí Minh,Phường Bình Hưng Hòa B,Quận Bình Tân,Việt Nam,Châu Á
255,Hồ Chí Minh,Phường Bình Trị Đông,Quận Bình Tân,Việt Nam,Châu Á
256,Hồ Chí Minh,Phường Bình Trị Đông A,Quận Bình Tân,Việt Nam,Châu Á
257,Hồ Chí Minh,Phường Bình Trị Đông B,Quận Bình Tân,Việt Nam,Châu Á
258,Hồ Chí Minh,Phường Tân Tạo,Quận Bình Tân,Việt Nam,Châu Á
259,Hồ Chí Minh,Phường Tân Tạo A,Quận Bình Tân,Việt Nam,Châu Á
260,Hồ Chí Minh,Thị Trấn Hóc Môn,Huyện Hóc Môn,Việt Nam,Châu Á
261,Hồ Chí Minh,Xã Bà Điểm,Huyện Hóc Môn,Việt Nam,Châu Á
262,Hồ Chí Minh,Xã Đông Thạnh,Huyện Hóc Môn,Việt Nam,Châu Á
263,Hồ Chí Minh,Xã Nhị Bình,Huyện Hóc Môn,Việt Nam,Châu Á
264,Hồ Chí Minh,Xã Tân Hiệp,Huyện Hóc Môn,Việt Nam,Châu Á
265,Hồ Chí Minh,Xã Tân Thới Nhì,Huyện Hóc Môn,Việt Nam,Châu Á
266,Hồ Chí Minh,Xã Tân Xuân,Huyện Hóc Môn,Việt Nam,Châu Á
267,Hồ Chí Minh,Xã Thới Tam Thôn,Huyện Hóc Môn,Việt Nam,Châu Á
268,Hồ Chí Minh,Xã Trung Chánh,Huyện Hóc Môn,Việt Nam,Châu Á
269,Hồ Chí Minh,Xã Xuân Thới Đông,Huyện Hóc Môn,Việt Nam,Châu Á
270,Hồ Chí Minh,Xã Xuân Thới Sơn,Huyện Hóc Môn,Việt Nam,Châu Á
271,Hồ Chí Minh,Xã Xuân Thới Thượng,Huyện Hóc Môn,Việt Nam,Châu Á
272,Hồ Chí Minh,An Nhơn Tây,Huyện Củ Chi,Việt Nam,Châu Á
273,Hồ Chí Minh,An Phú,Huyện Củ Chi,Việt Nam,Châu Á
274,Hồ Chí Minh,Hoà Phú,Huyện Củ Chi,Việt Nam,Châu Á
275,Hồ Chí Minh,Nhuận Đức,Huyện Củ Chi,Việt Nam,Châu Á
276,Hồ Chí Minh,Phú Hòa Đông,Huyện Củ Chi,Việt Nam,Châu Á
277,Hồ Chí Minh,Phú Mỹ Hưng,Huyện Củ Chi,Việt Nam,Châu Á
278,Hồ Chí Minh,Phước Thạnh,Huyện Củ Chi,Việt Nam,Châu Á
279,Hồ Chí Minh,Phước Vĩnh An,Huyện Củ Chi,Việt Nam,Châu Á
280,Hồ Chí Minh,Tân An Hội,Huyện Củ Chi,Việt Nam,Châu Á
281,Hồ Chí Minh,Tân Phú Trung,Huyện Củ Chi,Việt Nam,Châu Á
282,Hồ Chí Minh,Tân Thạnh Đông,Huyện Củ Chi,Việt Nam,Châu Á
283,Hồ Chí Minh,Tân Thạnh Tây,Huyện Củ Chi,Việt Nam,Châu Á
284,Hồ Chí Minh,Tân Thông Hội,Huyện Củ Chi,Việt Nam,Châu Á
285,Hồ Chí Minh,Thái Mỹ,Huyện Củ Chi,Việt Nam,Châu Á
286,Hồ Chí Minh,Thị Trấn Củ Chi,Huyện Củ Chi,Việt Nam,Châu Á
287,Hồ Chí Minh,Trung An,Huyện Củ Chi,Việt Nam,Châu Á
288,Hồ Chí Minh,Trung Lập Thượng,Huyện Củ Chi,Việt Nam,Châu Á
289,Hồ Chí Minh,Xã Bình Mỹ,Huyện Củ Chi,Việt Nam,Châu Á
290,Hồ Chí Minh,Xã Phạm Văn Cội,Huyện Củ Chi,Việt Nam,Châu Á
291,Hồ Chí Minh,Xã Phước Hiệp,Huyện Củ Chi,Việt Nam,Châu Á
292,Hồ Chí Minh,Xã Trung Lập Hạ,Huyện Củ Chi,Việt Nam,Châu Á
293,Hồ Chí Minh,Thị Trấn Nhà Bè,Huyện Nhà Bè,Việt Nam,Châu Á
294,Hồ Chí Minh,Xã Hiệp Phước,Huyện Nhà Bè,Việt Nam,Châu Á
295,Hồ Chí Minh,Xã Long Thới,Huyện Nhà Bè,Việt Nam,Châu Á
296,Hồ Chí Minh,Xã Nhơn Đức,Huyện Nhà Bè,Việt Nam,Châu Á
297,Hồ Chí Minh,Xã Phú Xuân,Huyện Nhà Bè,Việt Nam,Châu Á
298,Hồ Chí Minh,Xã Phước Kiển,Huyện Nhà Bè,Việt Nam,Châu Á
299,Hồ Chí Minh,Xã Phước Lộc,Huyện Nhà Bè,Việt Nam,Châu Á
300,Hồ Chí Minh,Thị Trấn Tân Túc,Huyện Bình Chánh,Việt Nam,Châu Á
301,Hồ Chí Minh,Xã An Phú Tây,Huyện Bình Chánh,Việt Nam,Châu Á
302,Hồ Chí Minh,Xã Bình Chánh,Huyện Bình Chánh,Việt Nam,Châu Á
303,Hồ Chí Minh,Xã Bình Hưng,Huyện Bình Chánh,Việt Nam,Châu Á
304,Hồ Chí Minh,Xã Bình Lợi,Huyện Bình Chánh,Việt Nam,Châu Á
305,Hồ Chí Minh,Xã Đa Phước,Huyện Bình Chánh,Việt Nam,Châu Á
306,Hồ Chí Minh,Xã Hưng Long,Huyện Bình Chánh,Việt Nam,Châu Á
307,Hồ Chí Minh,Xã Lê Minh Xuân,Huyện Bình Chánh,Việt Nam,Châu Á
308,Hồ Chí Minh,Xã Phạm Văn Hai,Huyện Bình Chánh,Việt Nam,Châu Á
309,Hồ Chí Minh,Xã Phong Phú,Huyện Bình Chánh,Việt Nam,Châu Á
310,Hồ Chí Minh,Xã Qui Đức,Huyện Bình Chánh,Việt Nam,Châu Á
311,Hồ Chí Minh,Xã Tân Kiên,Huyện Bình Chánh,Việt Nam,Châu Á
312,Hồ Chí Minh,Xã Tân Nhựt,Huyện Bình Chánh,Việt Nam,Châu Á
313,Hồ Chí Minh,Xã Tân Quý Tây,Huyện Bình Chánh,Việt Nam,Châu Á
314,Hồ Chí Minh,Xã Vĩnh Lộc A,Huyện Bình Chánh,Việt Nam,Châu Á
315,Hồ Chí Minh,Xã Vĩnh Lộc B,Huyện Bình Chánh,Việt Nam,Châu Á
316,Hồ Chí Minh,Thị Trấn Cần Thạnh,Huyện Cần Giờ,Việt Nam,Châu Á
317,Hồ Chí Minh,Xã An Thới Đông,Huyện Cần Giờ,Việt Nam,Châu Á
318,Hồ Chí Minh,Xã Bình Khánh,Huyện Cần Giờ,Việt Nam,Châu Á
319,Hồ Chí Minh,Xã Long Hoà,Huyện Cần Giờ,Việt Nam,Châu Á
320,Hồ Chí Minh,Xã Lý Nhơn,Huyện Cần Giờ,Việt Nam,Châu Á
321,Hồ Chí Minh,Xã Tam Thôn Hiệp,Huyện Cần Giờ,Việt Nam,Châu Á
322,Hồ Chí Minh,Xã Thạnh An,Huyện Cần Giờ,Việt Nam,Châu Á
323,Hà Nội,Lê Trung Tán,Quận Thanh Xuân,Việt Nam,Châu Á
324,Hà Nội,Phường Hạ Đình,Quận Thanh Xuân,Việt Nam,Châu Á
325,Hà Nội,Phường Khương Đình,Quận Thanh Xuân,Việt Nam,Châu Á
326,Hà Nội,Phường Khương Mai,Quận Thanh Xuân,Việt Nam,Châu Á
327,Hà Nội,Phường Khương Trung,Quận Thanh Xuân,Việt Nam,Châu Á
328,Hà Nội,Phường Kim Giang,Quận Thanh Xuân,Việt Nam,Châu Á
329,Hà Nội,Phường Nhân Chính,Quận Thanh Xuân,Việt Nam,Châu Á
330,Hà Nội,Phường Phương Liệt,Quận Thanh Xuân,Việt Nam,Châu Á
331,Hà Nội,Phường Thanh Xuân Bắc,Quận Thanh Xuân,Việt Nam,Châu Á
332,Hà Nội,Phường Thanh Xuân Nam,Quận Thanh Xuân,Việt Nam,Châu Á
333,Hà Nội,Phường Thanh Xuân Trung,Quận Thanh Xuân,Việt Nam,Châu Á
334,Hà Nội,Phường Thượng Đình,Quận Thanh Xuân,Việt Nam,Châu Á
335,Hà Nội,Phường Bưởi,Quận Tây Hồ,Việt Nam,Châu Á
336,Hà Nội,Phường Nhật Tân,Quận Tây Hồ,Việt Nam,Châu Á
337,Hà Nội,Phường Phú Thượng,Quận Tây Hồ,Việt Nam,Châu Á
338,Hà Nội,Phường Quảng An,Quận Tây Hồ,Việt Nam,Châu Á
339,Hà Nội,Phường Thuỵ Khuê,Quận Tây Hồ,Việt Nam,Châu Á
340,Hà Nội,Phường Tứ Liên,Quận Tây Hồ,Việt Nam,Châu Á
341,Hà Nội,Phường Xuân La,Quận Tây Hồ,Việt Nam,Châu Á
342,Hà Nội,Phường Yên Phụ,Quận Tây Hồ,Việt Nam,Châu Á
343,Hà Nội,Phường Phương Canh,Quận Nam Từ Liêm,Việt Nam,Châu Á
344,Hà Nội,Phường Cầu Diễn,Quận Nam Từ Liêm,Việt Nam,Châu Á
345,Hà Nội,Phường Đại Mỗ,Quận Nam Từ Liêm,Việt Nam,Châu Á
346,Hà Nội,Phường Mễ Trì,Quận Nam Từ Liêm,Việt Nam,Châu Á
347,Hà Nội,Phường Mỹ Đình 1,Quận Nam Từ Liêm,Việt Nam,Châu Á
348,Hà Nội,Phường Mỹ Đình 2,Quận Nam Từ Liêm,Việt Nam,Châu Á
349,Hà Nội,Phường Tây Mỗ,Quận Nam Từ Liêm,Việt Nam,Châu Á
350,Hà Nội,Phường Trung Văn,Quận Nam Từ Liêm,Việt Nam,Châu Á
351,Hà Nội,Phường Xuân Phương,Quận Nam Từ Liêm,Việt Nam,Châu Á
352,Hà Nội,Xã Phú Đô,Quận Nam Từ Liêm,Việt Nam,Châu Á
353,Hà Nội,Phường Bồ Đề,Quận Long Biên,Việt Nam,Châu Á
354,Hà Nội,Phường Cự Khối,Quận Long Biên,Việt Nam,Châu Á
355,Hà Nội,Phường Đức Giang,Quận Long Biên,Việt Nam,Châu Á
356,Hà Nội,Phường Gia Thuỵ,Quận Long Biên,Việt Nam,Châu Á
357,Hà Nội,Phường Giang Biên,Quận Long Biên,Việt Nam,Châu Á
358,Hà Nội,Phường Long Biên,Quận Long Biên,Việt Nam,Châu Á
359,Hà Nội,Phường Ngọc Lâm,Quận Long Biên,Việt Nam,Châu Á
360,Hà Nội,Phường Ngọc Thuỵ,Quận Long Biên,Việt Nam,Châu Á
361,Hà Nội,Phường Phúc Đồng,Quận Long Biên,Việt Nam,Châu Á
362,Hà Nội,Phường Phúc Lợi,Quận Long Biên,Việt Nam,Châu Á
363,Hà Nội,Phường Sài Đồng,Quận Long Biên,Việt Nam,Châu Á
364,Hà Nội,Phường Thạch Bàn,Quận Long Biên,Việt Nam,Châu Á
365,Hà Nội,Phường Thượng Thanh,Quận Long Biên,Việt Nam,Châu Á
366,Hà Nội,Phường Việt Hưng,Quận Long Biên,Việt Nam,Châu Á
367,Hà Nội,Phường Đại Kim,Quận Hoàng Mai,Việt Nam,Châu Á
368,Hà Nội,Phường Định Công,Quận Hoàng Mai,Việt Nam,Châu Á
369,Hà Nội,Phường Giáp Bát,Quận Hoàng Mai,Việt Nam,Châu Á
370,Hà Nội,Phường Hoàng Liệt,Quận Hoàng Mai,Việt Nam,Châu Á
371,Hà Nội,Phường Hoàng Văn Thụ,Quận Hoàng Mai,Việt Nam,Châu Á
372,Hà Nội,Phường Lĩnh Nam,Quận Hoàng Mai,Việt Nam,Châu Á
373,Hà Nội,Phường Mai Động,Quận Hoàng Mai,Việt Nam,Châu Á
374,Hà Nội,Phường Tân Mai,Quận Hoàng Mai,Việt Nam,Châu Á
375,Hà Nội,Phường Thanh Trì,Quận Hoàng Mai,Việt Nam,Châu Á
376,Hà Nội,Phường Thịnh Liệt,Quận Hoàng Mai,Việt Nam,Châu Á
377,Hà Nội,Phường Trần Phú,Quận Hoàng Mai,Việt Nam,Châu Á
378,Hà Nội,Phường Tương Mai,Quận Hoàng Mai,Việt Nam,Châu Á
379,Hà Nội,Phường Vĩnh Hưng,Quận Hoàng Mai,Việt Nam,Châu Á
380,Hà Nội,Phường Yên Sở,Quận Hoàng Mai,Việt Nam,Châu Á
381,Hà Nội,Phường Hàng Chiếu,Quận Hoàn Kiếm,Việt Nam,Châu Á
382,Hà Nội,Phường Chương Dương Độ,Quận Hoàn Kiếm,Việt Nam,Châu Á
383,Hà Nội,Phường Cửa Đông,Quận Hoàn Kiếm,Việt Nam,Châu Á
384,Hà Nội,Phường Cửa Nam,Quận Hoàn Kiếm,Việt Nam,Châu Á
385,Hà Nội,Phường Đồng Xuân,Quận Hoàn Kiếm,Việt Nam,Châu Á
386,Hà Nội,Phường Hàng Bạc,Quận Hoàn Kiếm,Việt Nam,Châu Á
387,Hà Nội,Phường Hàng Bài,Quận Hoàn Kiếm,Việt Nam,Châu Á
388,Hà Nội,Phường Hàng Bồ,Quận Hoàn Kiếm,Việt Nam,Châu Á
389,Hà Nội,Phường Hàng Bông,Quận Hoàn Kiếm,Việt Nam,Châu Á
390,Hà Nội,Phường Hàng Buồm,Quận Hoàn Kiếm,Việt Nam,Châu Á
391,Hà Nội,Phường Hàng Đào,Quận Hoàn Kiếm,Việt Nam,Châu Á
392,Hà Nội,Phường Hàng Gai,Quận Hoàn Kiếm,Việt Nam,Châu Á
393,Hà Nội,Phường Hàng Mã,Quận Hoàn Kiếm,Việt Nam,Châu Á
394,Hà Nội,Phường Hàng Trống,Quận Hoàn Kiếm,Việt Nam,Châu Á
395,Hà Nội,Phường Lý Thái Tổ,Quận Hoàn Kiếm,Việt Nam,Châu Á
396,Hà Nội,Phường Phan Chu Trinh,Quận Hoàn Kiếm,Việt Nam,Châu Á
397,Hà Nội,Phường Phúc Tân,Quận Hoàn Kiếm,Việt Nam,Châu Á
398,Hà Nội,Phường Trần Hưng Đạo,Quận Hoàn Kiếm,Việt Nam,Châu Á
399,Hà Nội,Phường Tràng Tiền,Quận Hoàn Kiếm,Việt Nam,Châu Á
400,Hà Nội,Phường Bạch Đằng,Quận Hai Bà Trưng,Việt Nam,Châu Á
401,Hà Nội,Phường Bách Khoa,Quận Hai Bà Trưng,Việt Nam,Châu Á
402,Hà Nội,Phường Bạch Mai,Quận Hai Bà Trưng,Việt Nam,Châu Á
403,Hà Nội,Phường Bùi Thị Xuân,Quận Hai Bà Trưng,Việt Nam,Châu Á
404,Hà Nội,Phường Cầu Dền,Quận Hai Bà Trưng,Việt Nam,Châu Á
405,Hà Nội,Phường Đống Mác,Quận Hai Bà Trưng,Việt Nam,Châu Á
406,Hà Nội,Phường Đồng Nhân,Quận Hai Bà Trưng,Việt Nam,Châu Á
407,Hà Nội,Phường Đồng Tâm,Quận Hai Bà Trưng,Việt Nam,Châu Á
408,Hà Nội,Phường Lê Đại Hành,Quận Hai Bà Trưng,Việt Nam,Châu Á
409,Hà Nội,Phường Minh Khai,Quận Hai Bà Trưng,Việt Nam,Châu Á
410,Hà Nội,Phường Ngô Thì Nhậm,Quận Hai Bà Trưng,Việt Nam,Châu Á
411,Hà Nội,Phường Nguyễn Du,Quận Hai Bà Trưng,Việt Nam,Châu Á
412,Hà Nội,Phường Phạm Đình Hổ,Quận Hai Bà Trưng,Việt Nam,Châu Á
413,Hà Nội,Phường Phố Huế,Quận Hai Bà Trưng,Việt Nam,Châu Á
414,Hà Nội,Phường Quỳnh Lôi,Quận Hai Bà Trưng,Việt Nam,Châu Á
415,Hà Nội,Phường Quỳnh Mai,Quận Hai Bà Trưng,Việt Nam,Châu Á
416,Hà Nội,Phường Thanh Lương,Quận Hai Bà Trưng,Việt Nam,Châu Á
417,Hà Nội,Phường Thanh Nhàn,Quận Hai Bà Trưng,Việt Nam,Châu Á
418,Hà Nội,Phường Trương Định,Quận Hai Bà Trưng,Việt Nam,Châu Á
419,Hà Nội,Phường Vĩnh Tuy,Quận Hai Bà Trưng,Việt Nam,Châu Á
420,Hà Nội,Phường Hà Cầu,Quận Hà Đông,Việt Nam,Châu Á
421,Hà Nội,Phường La Khê,Quận Hà Đông,Việt Nam,Châu Á
422,Hà Nội,Phường Mỗ Lao,Quận Hà Đông,Việt Nam,Châu Á
423,Hà Nội,Phường Mộ Lao,Quận Hà Đông,Việt Nam,Châu Á
424,Hà Nội,Phường Nguyễn Trãi,Quận Hà Đông,Việt Nam,Châu Á
425,Hà Nội,Phường Phú La,Quận Hà Đông,Việt Nam,Châu Á
426,Hà Nội,Phường Phúc La,Quận Hà Đông,Việt Nam,Châu Á
427,Hà Nội,Phường Quang Trung,Quận Hà Đông,Việt Nam,Châu Á
428,Hà Nội,Phường Vạn Phúc,Quận Hà Đông,Việt Nam,Châu Á
429,Hà Nội,Phường Văn Quán,Quận Hà Đông,Việt Nam,Châu Á
430,Hà Nội,Phường Yên Nghĩa,Quận Hà Đông,Việt Nam,Châu Á
431,Hà Nội,Phường Yết Kiêu,Quận Hà Đông,Việt Nam,Châu Á
432,Hà Nội,Xã Biên Giang,Quận Hà Đông,Việt Nam,Châu Á
433,Hà Nội,Xã Đồng Mai,Quận Hà Đông,Việt Nam,Châu Á
434,Hà Nội,Xã Dương Nội,Quận Hà Đông,Việt Nam,Châu Á
435,Hà Nội,Xã Kiến Hưng,Quận Hà Đông,Việt Nam,Châu Á
436,Hà Nội,Xã Phú Lãm,Quận Hà Đông,Việt Nam,Châu Á
437,Hà Nội,Xã Phú Lương,Quận Hà Đông,Việt Nam,Châu Á
438,Hà Nội,Phường Cát Linh,Quận Đống Đa,Việt Nam,Châu Á
439,Hà Nội,Phường Hàng Bột,Quận Đống Đa,Việt Nam,Châu Á
440,Hà Nội,Phường Khâm Thiên,Quận Đống Đa,Việt Nam,Châu Á
441,Hà Nội,Phường Khương Thượng,Quận Đống Đa,Việt Nam,Châu Á
442,Hà Nội,Phường Kim Liên,Quận Đống Đa,Việt Nam,Châu Á
443,Hà Nội,Phường Láng Hạ,Quận Đống Đa,Việt Nam,Châu Á
444,Hà Nội,Phường Láng Thượng,Quận Đống Đa,Việt Nam,Châu Á
445,Hà Nội,Phường Nam Đồng,Quận Đống Đa,Việt Nam,Châu Á
446,Hà Nội,Phường Ngã Tư Sở,Quận Đống Đa,Việt Nam,Châu Á
447,Hà Nội,Phường ô Chợ Dừa,Quận Đống Đa,Việt Nam,Châu Á
448,Hà Nội,Phường Phương Liên,Quận Đống Đa,Việt Nam,Châu Á
449,Hà Nội,Phường Phương Mai,Quận Đống Đa,Việt Nam,Châu Á
450,Hà Nội,Phường Quang Trung,Quận Đống Đa,Việt Nam,Châu Á
451,Hà Nội,Phường Quốc Tử Giám,Quận Đống Đa,Việt Nam,Châu Á
452,Hà Nội,Phường Thịnh Quang,Quận Đống Đa,Việt Nam,Châu Á
453,Hà Nội,Phường Thổ Quan,Quận Đống Đa,Việt Nam,Châu Á
454,Hà Nội,Phường Trung Liệt,Quận Đống Đa,Việt Nam,Châu Á
455,Hà Nội,Phường Trung Phụng,Quận Đống Đa,Việt Nam,Châu Á
456,Hà Nội,Phường Trung Tự,Quận Đống Đa,Việt Nam,Châu Á
457,Hà Nội,Phường Văn Chương,Quận Đống Đa,Việt Nam,Châu Á
458,Hà Nội,Phường Văn Miếu,Quận Đống Đa,Việt Nam,Châu Á
459,Hà Nội,Phường Dịch Vọng,Quận Cầu Giấy,Việt Nam,Châu Á
460,Hà Nội,Phường Dịch Vọng Hậu,Quận Cầu Giấy,Việt Nam,Châu Á
461,Hà Nội,Phường Mai Dịch,Quận Cầu Giấy,Việt Nam,Châu Á
462,Hà Nội,Phường Nghĩa Đô,Quận Cầu Giấy,Việt Nam,Châu Á
463,Hà Nội,Phường Nghĩa Tân,Quận Cầu Giấy,Việt Nam,Châu Á
464,Hà Nội,Phường Quan Hoa,Quận Cầu Giấy,Việt Nam,Châu Á
465,Hà Nội,Phường Trung Hoà,Quận Cầu Giấy,Việt Nam,Châu Á
466,Hà Nội,Phường Yên Hoà,Quận Cầu Giấy,Việt Nam,Châu Á
467,Hà Nội,Phường Cổ Nhuế,Quận Bắc Từ Liêm,Việt Nam,Châu Á
468,Hà Nội,Phường Cổ Nhuế 1,Quận Bắc Từ Liêm,Việt Nam,Châu Á
469,Hà Nội,Phường Cổ Nhuế 2,Quận Bắc Từ Liêm,Việt Nam,Châu Á
470,Hà Nội,Phường Đông Ngạc,Quận Bắc Từ Liêm,Việt Nam,Châu Á
471,Hà Nội,Phường Đức Thắng,Quận Bắc Từ Liêm,Việt Nam,Châu Á
472,Hà Nội,Phường Liên Mạc,Quận Bắc Từ Liêm,Việt Nam,Châu Á
473,Hà Nội,Phường Minh Khai,Quận Bắc Từ Liêm,Việt Nam,Châu Á
474,Hà Nội,Phường Phú Diễn,Quận Bắc Từ Liêm,Việt Nam,Châu Á
475,Hà Nội,Phường Phúc Diễn,Quận Bắc Từ Liêm,Việt Nam,Châu Á
476,Hà Nội,Phường Tây Tựu,Quận Bắc Từ Liêm,Việt Nam,Châu Á
477,Hà Nội,Phường Thượng Cát,Quận Bắc Từ Liêm,Việt Nam,Châu Á
478,Hà Nội,Phường Thụy Phương,Quận Bắc Từ Liêm,Việt Nam,Châu Á
479,Hà Nội,Phường Xuân Đỉnh,Quận Bắc Từ Liêm,Việt Nam,Châu Á
480,Hà Nội,Phường Xuân Tảo,Quận Bắc Từ Liêm,Việt Nam,Châu Á
481,Hà Nội,Phường Nguyễn Trung Trực,Quận Ba Đình,Việt Nam,Châu Á
482,Hà Nội,Phường Cống Vị,Quận Ba Đình,Việt Nam,Châu Á
483,Hà Nội,Phường Điện Biên,Quận Ba Đình,Việt Nam,Châu Á
484,Hà Nội,Phường Đội Cấn,Quận Ba Đình,Việt Nam,Châu Á
485,Hà Nội,Phường Giảng Võ,Quận Ba Đình,Việt Nam,Châu Á
486,Hà Nội,Phường Kim Mã,Quận Ba Đình,Việt Nam,Châu Á
487,Hà Nội,Phường Liễu Giai,Quận Ba Đình,Việt Nam,Châu Á
488,Hà Nội,Phường Ngọc Hà,Quận Ba Đình,Việt Nam,Châu Á
489,Hà Nội,Phường Ngọc Khánh,Quận Ba Đình,Việt Nam,Châu Á
490,Hà Nội,Phường Phúc Xá,Quận Ba Đình,Việt Nam,Châu Á
491,Hà Nội,Phường Quán Thánh,Quận Ba Đình,Việt Nam,Châu Á
492,Hà Nội,Phường Thành Công,Quận Ba Đình,Việt Nam,Châu Á
493,Hà Nội,Phường Trúc Bạch,Quận Ba Đình,Việt Nam,Châu Á
494,Hà Nội,Phường Vĩnh Phúc,Quận Ba Đình,Việt Nam,Châu Á
495,Bà Rịa - Vũng Tàu,Thị trấn Long Điền,Huyện Long Điền,Việt Nam,Châu Á
496,Bà Rịa - Vũng Tàu,Thị trấn Long Hải,Huyện Long Điền,Việt Nam,Châu Á
497,Bà Rịa - Vũng Tàu,Xã An Ngãi,Huyện Long Điền,Việt Nam,Châu Á
498,Bà Rịa - Vũng Tàu,Xã An Nhứt,Huyện Long Điền,Việt Nam,Châu Á
499,Bà Rịa - Vũng Tàu,Xã Phước Hưng,Huyện Long Điền,Việt Nam,Châu Á
500,Bà Rịa - Vũng Tàu,Xã Phước Tỉnh,Huyện Long Điền,Việt Nam,Châu Á
501,Bà Rịa - Vũng Tàu,Xã Tam Phước,Huyện Long Điền,Việt Nam,Châu Á
502,Bà Rịa - Vũng Tàu,Thị trấn Ngãi Giao,Huyện Châu Đức,Việt Nam,Châu Á
503,Bà Rịa - Vũng Tàu,Xã Bàu Chinh,Huyện Châu Đức,Việt Nam,Châu Á
504,Bà Rịa - Vũng Tàu,Xã Bình Ba,Huyện Châu Đức,Việt Nam,Châu Á
505,Bà Rịa - Vũng Tàu,Xã Bình Giã,Huyện Châu Đức,Việt Nam,Châu Á
506,Bà Rịa - Vũng Tàu,Xã Bình Trung,Huyện Châu Đức,Việt Nam,Châu Á
507,Bà Rịa - Vũng Tàu,Xã Cù Bị,Huyện Châu Đức,Việt Nam,Châu Á
508,Bà Rịa - Vũng Tàu,Xã Láng Lớn,Huyện Châu Đức,Việt Nam,Châu Á
509,Bà Rịa - Vũng Tàu,Xã Quảng Thành,Huyện Châu Đức,Việt Nam,Châu Á
510,Bà Rịa - Vũng Tàu,Xã Suối Nghệ,Huyện Châu Đức,Việt Nam,Châu Á
511,Bà Rịa - Vũng Tàu,Xã Suối Rao,Huyện Châu Đức,Việt Nam,Châu Á
512,Bà Rịa - Vũng Tàu,Thị trấn Phước Bửu,Huyện Xuyên Mộc,Việt Nam,Châu Á
513,Bà Rịa - Vũng Tàu,Xã Bàu Lâm,Huyện Xuyên Mộc,Việt Nam,Châu Á
514,Bà Rịa - Vũng Tàu,Xã Bình Châu,Huyện Xuyên Mộc,Việt Nam,Châu Á
515,Bà Rịa - Vũng Tàu,Xã Hòa Bình,Huyện Xuyên Mộc,Việt Nam,Châu Á
516,Bà Rịa - Vũng Tàu,Xã Hòa Hiệp,Huyện Xuyên Mộc,Việt Nam,Châu Á
517,Bà Rịa - Vũng Tàu,Xã Hòa Hội,Huyện Xuyên Mộc,Việt Nam,Châu Á
518,Bà Rịa - Vũng Tàu,Xã Hòa Hưng,Huyện Xuyên Mộc,Việt Nam,Châu Á
519,Bà Rịa - Vũng Tàu,Xã Phước Tân,Huyện Xuyên Mộc,Việt Nam,Châu Á
520,Bà Rịa - Vũng Tàu,Xã Phước Thuận,Huyện Xuyên Mộc,Việt Nam,Châu Á
521,Bà Rịa - Vũng Tàu,Xã Tân Lâm,Huyện Xuyên Mộc,Việt Nam,Châu Á
522,Bình Dương,Thị trấn Dầu Tiếng,Huyện Dầu Tiếng,Việt Nam,Châu Á
523,Bình Dương,Xã An Lập,Huyện Dầu Tiếng,Việt Nam,Châu Á
524,Bình Dương,Xã Định An,Huyện Dầu Tiếng,Việt Nam,Châu Á
525,Bình Dương,Xã Định Hiệp,Huyện Dầu Tiếng,Việt Nam,Châu Á
526,Bình Dương,Xã Định Thành,Huyện Dầu Tiếng,Việt Nam,Châu Á
527,Bình Dương,Xã Long Hoà,Huyện Dầu Tiếng,Việt Nam,Châu Á
528,Bình Dương,Xã Long Tân,Huyện Dầu Tiếng,Việt Nam,Châu Á
529,Bình Dương,Xã Minh Hoà,Huyện Dầu Tiếng,Việt Nam,Châu Á
530,Bình Dương,Xã Minh Tân,Huyện Dầu Tiếng,Việt Nam,Châu Á
531,Bình Dương,Xã Minh Thạnh,Huyện Dầu Tiếng,Việt Nam,Châu Á
532,Bình Dương,Xã Thanh An,Huyện Dầu Tiếng,Việt Nam,Châu Á
533,Bình Dương,Xã Thanh Tuyền,Huyện Dầu Tiếng,Việt Nam,Châu Á
534,Bình Dương,Thị trấn Phước Vĩnh,Huyện Phú Giáo,Việt Nam,Châu Á
535,Bình Dương,Xã An Bình,Huyện Phú Giáo,Việt Nam,Châu Á
536,Bình Dương,Xã An Linh,Huyện Phú Giáo,Việt Nam,Châu Á
537,Bình Dương,Xã An Long,Huyện Phú Giáo,Việt Nam,Châu Á
538,Bình Dương,Xã An Thái,Huyện Phú Giáo,Việt Nam,Châu Á
539,Bình Dương,Xã Phước Hoà,Huyện Phú Giáo,Việt Nam,Châu Á
540,Bình Dương,Xã Phước Sang,Huyện Phú Giáo,Việt Nam,Châu Á
541,Bình Dương,Xã Tam Lập,Huyện Phú Giáo,Việt Nam,Châu Á
542,Bình Dương,Xã Tân Hiệp,Huyện Phú Giáo,Việt Nam,Châu Á
543,Bình Dương,Xã Tân Long,Huyện Phú Giáo,Việt Nam,Châu Á
544,Bình Dương,Xã Vĩnh Hoà,Huyện Phú Giáo,Việt Nam,Châu Á
545,Đồng Nai,An Hòa,TP. Biên Hòa,Việt Nam,Châu Á
546,Đồng Nai,Long Hưng,TP. Biên Hòa,Việt Nam,Châu Á
547,Đồng Nai,Phước Tân,TP. Biên Hòa,Việt Nam,Châu Á
548,Đồng Nai,Phường An Bình,TP. Biên Hòa,Việt Nam,Châu Á
549,Đồng Nai,Phường Bình Đa,TP. Biên Hòa,Việt Nam,Châu Á
550,Đồng Nai,Phường Bửu Hòa,TP. Biên Hòa,Việt Nam,Châu Á
551,Đồng Nai,Phường Bửu Long,TP. Biên Hòa,Việt Nam,Châu Á
552,Đồng Nai,Phường Hố Nai,TP. Biên Hòa,Việt Nam,Châu Á
553,Đồng Nai,Phường Hòa Bình,TP. Biên Hòa,Việt Nam,Châu Á
554,Đồng Nai,Phường Long Bình,TP. Biên Hòa,Việt Nam,Châu Á
555,Đồng Nai,Phường Long Bình Tân,TP. Biên Hòa,Việt Nam,Châu Á
556,Đồng Nai,Phường Quang Vinh,TP. Biên Hòa,Việt Nam,Châu Á
557,Đồng Nai,Phường Quyết Thắng,TP. Biên Hòa,Việt Nam,Châu Á
558,Đồng Nai,Phường Tam Hiệp,TP. Biên Hòa,Việt Nam,Châu Á
559,Đồng Nai,Phường Tam Hòa,TP. Biên Hòa,Việt Nam,Châu Á
560,Đồng Nai,Phường Tân Biên,TP. Biên Hòa,Việt Nam,Châu Á
561,Đồng Nai,Phường Tân Hiệp,TP. Biên Hòa,Việt Nam,Châu Á
562,Đồng Nai,Phường Tân Hòa,TP. Biên Hòa,Việt Nam,Châu Á
563,Đồng Nai,Phường Tân Mai,TP. Biên Hòa,Việt Nam,Châu Á
564,Đồng Nai,Phường Tân Phong,TP. Biên Hòa,Việt Nam,Châu Á
565,Đồng Nai,Phường Tân Tiến,TP. Biên Hòa,Việt Nam,Châu Á
566,Đồng Nai,Phường Tân Vạn,TP. Biên Hòa,Việt Nam,Châu Á
567,Đồng Nai,Phường Thanh Bình,TP. Biên Hòa,Việt Nam,Châu Á
568,Đồng Nai,Phường Thống Nhất,TP. Biên Hòa,Việt Nam,Châu Á
569,Đồng Nai,Phường Trảng Dài,TP. Biên Hòa,Việt Nam,Châu Á
570,Đồng Nai,Phường Trung Dũng,TP. Biên Hòa,Việt Nam,Châu Á
571,Đồng Nai,Tam Phước,TP. Biên Hòa,Việt Nam,Châu Á
572,Đồng Nai,Xã Hiệp Hòa,TP. Biên Hòa,Việt Nam,Châu Á
573,Đồng Nai,Xã Hóa An,TP. Biên Hòa,Việt Nam,Châu Á
574,Đồng Nai,Xã Tân Hạnh,TP. Biên Hòa,Việt Nam,Châu Á
575,Đồng Nai,Thị trấn Long Thành,Huyện Long Thành,Việt Nam,Châu Á
576,Đồng Nai,Xã Cẩm Đường,Huyện Long Thành,Việt Nam,Châu Á
577,Đồng Nai,Xã Lộc An,Huyện Long Thành,Việt Nam,Châu Á
578,Đồng Nai,Xã Bình Sơn,Huyện Long Thành,Việt Nam,Châu Á
579,Đồng Nai,Xã Long Đức,Huyện Long Thành,Việt Nam,Châu Á
580,Đồng Nai,Xã Long Phước,Huyện Long Thành,Việt Nam,Châu Á
581,Đồng Nai,Xã Tam An,Huyện Long Thành,Việt Nam,Châu Á
582,Đồng Nai,Xã Tân Hiệp,Huyện Long Thành,Việt Nam,Châu Á
583,Đồng Nai,Xã Suối Trầu,Huyện Long Thành,Việt Nam,Châu Á
584,Đồng Nai,Xã Phước Bình,Huyện Long Thành,Việt Nam,Châu Á
585,Đồng Nai,Quảng Tiến,Huyện Thống Nhất,Việt Nam,Châu Á
586,Đồng Nai,Xã Gia Kiệm,Huyện Thống Nhất,Việt Nam,Châu Á
587,Đồng Nai,Xã Hưng Lộc,Huyện Thống Nhất,Việt Nam,Châu Á
588,Đồng Nai,Xã Xuân Thạnh,Huyện Thống Nhất,Việt Nam,Châu Á
589,Đồng Nai,Xã Quang Trung,Huyện Thống Nhất,Việt Nam,Châu Á
590,Đồng Nai,Xã Đại Phước,Huyện Nhơn Trạch,Việt Nam,Châu Á
591,Đồng Nai,Xã Hiệp Phước,Huyện Nhơn Trạch,Việt Nam,Châu Á
592,Đồng Nai,Xã Long Tân,Huyện Nhơn Trạch,Việt Nam,Châu Á
593,Đồng Nai,Xã Long Thọ,Huyện Nhơn Trạch,Việt Nam,Châu Á
594,Đồng Nai,Xã Phú Đông,Huyện Nhơn Trạch,Việt Nam,Châu Á
595,Đồng Nai,Xã Phú Hội,Huyện Nhơn Trạch,Việt Nam,Châu Á
596,Đồng Nai,Xã Phú Hữu,Huyện Nhơn Trạch,Việt Nam,Châu Á
597,Đồng Nai,Xã Phú Thạnh,Huyện Nhơn Trạch,Việt Nam,Châu Á
598,Đồng Nai,Xã Phước An,Huyện Nhơn Trạch,Việt Nam,Châu Á
599,Đồng Nai,Xã Phước Khánh,Huyện Nhơn Trạch,Việt Nam,Châu Á
600,Đà Nẵng,Hòa Phát,Quận Cẩm Lệ,Việt Nam,Châu Á
601,Đà Nẵng,Phường Hoà An,Quận Cẩm Lệ,Việt Nam,Châu Á
602,Đà Nẵng,Phường Hoà Phát,Quận Cẩm Lệ,Việt Nam,Châu Á
603,Đà Nẵng,Phường Hoà Thọ Đông,Quận Cẩm Lệ,Việt Nam,Châu Á
604,Đà Nẵng,Phường Hoà Thọ Tây,Quận Cẩm Lệ,Việt Nam,Châu Á
605,Đà Nẵng,Phường Hoà Xuân,Quận Cẩm Lệ,Việt Nam,Châu Á
606,Đà Nẵng,Phường Khuê Trung,Quận Cẩm Lệ,Việt Nam,Châu Á
607,Đà Nẵng,Phường Hoà Hiệp Bắc,Quận Liên Chiểu,Việt Nam,Châu Á
608,Đà Nẵng,Phường Hoà Hiệp Nam,Quận Liên Chiểu,Việt Nam,Châu Á
609,Đà Nẵng,Phường Hoà Khánh Bắc,Quận Liên Chiểu,Việt Nam,Châu Á
610,Đà Nẵng,Phường Hoà Khánh Nam,Quận Liên Chiểu,Việt Nam,Châu Á
611,Đà Nẵng,Phường Hoà Minh,Quận Liên Chiểu,Việt Nam,Châu Á
612,Đà Nẵng,Phường Bình Hiên,Quận Hải Châu,Việt Nam,Châu Á
613,Đà Nẵng,Phường Bình Thuận,Quận Hải Châu,Việt Nam,Châu Á
614,Đà Nẵng,Phường Hải Châu I,Quận Hải Châu,Việt Nam,Châu Á
615,Đà Nẵng,Phường Hải Châu II,Quận Hải Châu,Việt Nam,Châu Á
616,Đà Nẵng,Phường Hoà Cường Bắc,Quận Hải Châu,Việt Nam,Châu Á
617,Đà Nẵng,Phường Hoà Cường Nam,Quận Hải Châu,Việt Nam,Châu Á
618,Đà Nẵng,Phường Hoà Thuận Đông,Quận Hải Châu,Việt Nam,Châu Á
619,Đà Nẵng,Phường Hoà Thuận Tây,Quận Hải Châu,Việt Nam,Châu Á
620,Đà Nẵng,Phường Nam Dương,Quận Hải Châu,Việt Nam,Châu Á
621,Đà Nẵng,Phường Phước Ninh,Quận Hải Châu,Việt Nam,Châu Á
622,Đà Nẵng,Phường Thạch Thang,Quận Hải Châu,Việt Nam,Châu Á
623,Đà Nẵng,Phường Thanh Bình,Quận Hải Châu,Việt Nam,Châu Á
624,Đà Nẵng,Phường Thuận Phước,Quận Hải Châu,Việt Nam,Châu Á
625,Khánh Hòa,Phường Cam Lợi,TP. Cam Ranh,Việt Nam,Châu Á
626,Khánh Hòa,Phường Cam Thuận,TP. Cam Ranh,Việt Nam,Châu Á
627,Khánh Hòa,Xã Cam Bình,TP. Cam Ranh,Việt Nam,Châu Á
628,Khánh Hòa,Xã Cam Thịnh Đông,TP. Cam Ranh,Việt Nam,Châu Á
629,Khánh Hòa,Phường Ba Ngòi,TP. Cam Ranh,Việt Nam,Châu Á
630,Kiên Giang,Thị trấn Minh Lương,Huyện Châu Thành,Việt Nam,Châu Á
631,Kiên Giang,Xã Minh Hòa,Huyện Châu Thành,Việt Nam,Châu Á
632,Kiên Giang,Xã Thạnh Lộc,Huyện Châu Thành,Việt Nam,Châu Á
633,Kiên Giang,Xã Vĩnh Hoà Phú,Huyện Châu Thành,Việt Nam,Châu Á
634,Kiên Giang,Xã Mong Thọ A,Huyện Châu Thành,Việt Nam,Châu Á
635,An Giang,Phường Bình Đức,TP. Long Xuyên,Việt Nam,Châu Á
636,An Giang,Phường Bình Khánh,TP. Long Xuyên,Việt Nam,Châu Á
637,An Giang,Phường Đông Xuyên,TP. Long Xuyên,Việt Nam,Châu Á
638,An Giang,Phường Mỹ Hòa,TP. Long Xuyên,Việt Nam,Châu Á
639,An Giang,Xã Mỹ Khánh,TP. Long Xuyên,Việt Nam,Châu Á
640,Bình Phước,Thị trấn An Lộc,Thị xã Bình Long,Việt Nam,Châu Á
641,Bình Phước,Xã An Khương,Thị xã Bình Long,Việt Nam,Châu Á
642,Bình Phước,Xã An Phú,Thị xã Bình Long,Việt Nam,Châu Á
643,Bình Phước,Xã Thanh Bình,Thị xã Bình Long,Việt Nam,Châu Á
644,Bình Phước,Xã Thanh Phú,Thị xã Bình Long,Việt Nam,Châu Á
645,Cần Thơ,Phường An Cư,Quận Ninh Kiều,Việt Nam,Châu Á
646,Cần Thơ,Phường An Hội,Quận Ninh Kiều,Việt Nam,Châu Á
647,Cần Thơ,Phường An Khánh,Quận Ninh Kiều,Việt Nam,Châu Á
648,Cần Thơ,Phường An Lạc,Quận Ninh Kiều,Việt Nam,Châu Á
649,Cần Thơ,Phường Xuân Khánh,Quận Ninh Kiều,Việt Nam,Châu Á
650,Đồng Tháp,Phường Mỹ Phú,TP. Cao Lãnh,Việt Nam,Châu Á
651,Đồng Tháp,Xã Hòa An,TP. Cao Lãnh,Việt Nam,Châu Á
652,Đồng Tháp,Xã Mỹ Ngãi,TP. Cao Lãnh,Việt Nam,Châu Á
653,Đồng Tháp,Xã Mỹ Tân,TP. Cao Lãnh,Việt Nam,Châu Á
654,Đồng Tháp,Xã Tân Thuận Đông,TP. Cao Lãnh,Việt Nam,Châu Á
655,Thanh Hóa,Phường Bắc Sơn,TP. Sầm Sơn,Việt Nam,Châu Á
656,Thanh Hóa,Phường Trung Sơn,TP. Sầm Sơn,Việt Nam,Châu Á
657,Thanh Hóa,Quảng Châu,TP. Sầm Sơn,Việt Nam,Châu Á
658,Thanh Hóa,Xã Quảng Minh,TP. Sầm Sơn,Việt Nam,Châu Á
659,Thanh Hóa,Xã Quảng Vinh,TP. Sầm Sơn,Việt Nam,Châu Á
660,Thái Bình,Phường Bồ Xuyên,TP. Thái Bình,Việt Nam,Châu Á
661,Thái Bình,Phường Đề Thám,TP. Thái Bình,Việt Nam,Châu Á
662,Thái Bình,Phường Hoàng Diệu,TP. Thái Bình,Việt Nam,Châu Á
663,Thái Bình,Xã Đông Hòa,TP. Thái Bình,Việt Nam,Châu Á
664,Thái Bình,Xã Vũ Lạc,TP. Thái Bình,Việt Nam,Châu Á
665,Kon Tum,Phường Duy Tân,TP. Kon Tum,Việt Nam,Châu Á
666,Kon Tum,Phường Lê Lợi,TP. Kon Tum,Việt Nam,Châu Á
667,Kon Tum,Phường Ngô Mây,TP. Kon Tum,Việt Nam,Châu Á
668,Kon Tum,Phường Quyết Thắng,TP. Kon Tum,Việt Nam,Châu Á
669,Kon Tum,Phường Trường Chinh,TP. Kon Tum,Việt Nam,Châu Á
670,Lai Châu,Đông Phong,TP. Lai Châu,Việt Nam,Châu Á
671,Lai Châu,Phường Đoàn Kết,TP. Lai Châu,Việt Nam,Châu Á
672,Lai Châu,Phường Tân Phong,TP. Lai Châu,Việt Nam,Châu Á
673,Lai Châu,Xã Nậm Loong,TP. Lai Châu,Việt Nam,Châu Á
674,Lai Châu,Xã San Thàng,TP. Lai Châu,Việt Nam,Châu Á
675,Lâm Đồng,Phường Lộc Phát,TP. Bảo Lộc,Việt Nam,Châu Á
676,Lâm Đồng,Phường Lộc Sơn,TP. Bảo Lộc,Việt Nam,Châu Á
677,Lâm Đồng,Phường Lộc Tiến,TP. Bảo Lộc,Việt Nam,Châu Á
678,Lâm Đồng,Xã Đại Lào,TP. Bảo Lộc,Việt Nam,Châu Á
679,Lâm Đồng,Xã Lộc Thanh,TP. Bảo Lộc,Việt Nam,Châu Á
680,Bắc Giang,Phường Hoàng Văn Thụ,TP. Bắc Giang,Việt Nam,Châu Á
681,Bắc Giang,Phường Lê Lợi,TP. Bắc Giang,Việt Nam,Châu Á
682,Bắc Giang,Phường Mỹ Độ,TP. Bắc Giang,Việt Nam,Châu Á
683,Bắc Giang,Phường Thọ Xương,TP. Bắc Giang,Việt Nam,Châu Á
684,Bắc Giang,Xã Đồng Sơn,TP. Bắc Giang,Việt Nam,Châu Á
685,Lạng Sơn,Thị trấn Bắc Sơn,Huyện Bắc Sơn,Việt Nam,Châu Á
686,Lạng Sơn,Xã Chiến Thắng,Huyện Bắc Sơn,Việt Nam,Châu Á
687,Lạng Sơn,Xã Chiêu Vũ,Huyện Bắc Sơn,Việt Nam,Châu Á
688,Lạng Sơn,Xã Quỳnh Sơn,Huyện Bắc Sơn,Việt Nam,Châu Á
689,Lạng Sơn,Xã Tân Lập,Huyện Bắc Sơn,Việt Nam,Châu Á
690,Bắc Kạn,Phường Đức Xuân,TP. Bắc Kạn,Việt Nam,Châu Á
691,Bắc Kạn,Phường Phùng Chí Kiên,TP. Bắc Kạn,Việt Nam,Châu Á
692,Bắc Kạn,Xã Dương Quang,TP. Bắc Kạn,Việt Nam,Châu Á
693,Bắc Kạn,Xã Nông Thượng,TP. Bắc Kạn,Việt Nam,Châu Á
694,Bắc Kạn,Xã Xuất Hoá,TP. Bắc Kạn,Việt Nam,Châu Á
695,Lào Cai,Phường Bắc Cường,TP. Lào Cai,Việt Nam,Châu Á
696,Lào Cai,Phường Bắc Lệnh,TP. Lào Cai,Việt Nam,Châu Á
697,Lào Cai,Phường Bình Minh,TP. Lào Cai,Việt Nam,Châu Á
698,Lào Cai,Xã Cam Đường,TP. Lào Cai,Việt Nam,Châu Á
699,Lào Cai,Xã Hợp Thành,TP. Lào Cai,Việt Nam,Châu Á
700,Bạc Liêu,Xã Hiệp Thành,TP. Bạc Liêu,Việt Nam,Châu Á
701,Bạc Liêu,Xã Vĩnh Trạch,TP. Bạc Liêu,Việt Nam,Châu Á
702,Bạc Liêu,Xã Vĩnh Trạch Đông,TP. Bạc Liêu,Việt Nam,Châu Á
703,Long An,Phường Khánh Hậu,TP. Tân An,Việt Nam,Châu Á
704,Long An,Phường Tân Khánh,TP. Tân An,Việt Nam,Châu Á
705,Long An,Xã An Vĩnh Ngãi,TP. Tân An,Việt Nam,Châu Á
706,Long An,Xã Bình Tâm,TP. Tân An,Việt Nam,Châu Á
707,Long An,Xã Nhơn Thạnh Trung,TP. Tân An,Việt Nam,Châu Á
708,Bắc Ninh,Phường Đại Phúc,TP. Bắc Ninh,Việt Nam,Châu Á
709,Bắc Ninh,Phường Suối Hoa,TP. Bắc Ninh,Việt Nam,Châu Á
710,Bắc Ninh,Phường Tiền An,TP. Bắc Ninh,Việt Nam,Châu Á
711,Bắc Ninh,Xã Hòa Long,TP. Bắc Ninh,Việt Nam,Châu Á
712,Bắc Ninh,Xã Nam Sơn,TP. Bắc Ninh,Việt Nam,Châu Á
713,Nam Định,Phường Bà Triệu,TP. Nam Định,Việt Nam,Châu Á
714,Bến Tre,Phường Phú Khương,TP. Bến Tre,Việt Nam,Châu Á
715,Nghệ An,Thị trấn Anh Sơn,Huyện Anh Sơn,Việt Nam,Châu Á
716,Bình Định,Phường Bùi Thị Xuân,TP. Quy Nhơn,Việt Nam,Châu Á
717,Ninh Bình,Phường Đông Thành,TP. Ninh Bình,Việt Nam,Châu Á
718,Ninh Thuận,Phường Bảo An,TP. Phan Rang-Tháp Chàm,Việt Nam,Châu Á
719,Phú Thọ,Xã Tam Sơn,Huyện Cẩm Khê,Việt Nam,Châu Á
720,Bình Thuận,Phường Bình Hưng,TP. Phan Thiết,Việt Nam,Châu Á
721,Phú Yên,Xã Xuân Lãnh,Huyện Đồng Xuân,Việt Nam,Châu Á
722,Cà Mau,Tân Xuyên,TP. Cà Mau,Việt Nam,Châu Á
723,Quảng Bình,Phường Bắc Lý,TP. Đồng Hới,Việt Nam,Châu Á
724,Quảng Nam,Phường An Mỹ,TP. Tam Kỳ,Việt Nam,Châu Á
725,Cao Bằng,Xã Đức Hạnh,Huyện Bảo Lâm,Việt Nam,Châu Á
726,Quảng Ngãi,Phường Nghĩa Chánh,TP. Quảng Ngãi,Việt Nam,Châu Á
727,Đắk Lắk,Phường Khánh Xuân,TP. Buôn Ma Thuột,Việt Nam,Châu Á
728,Quảng Ninh,Phường Bạch Đằng,TP. Hạ Long,Việt Nam,Châu Á
729,Đắk Nông,Thị trấn Đắk Mil,Huyện Đăk Mil,Việt Nam,Châu Á
730,Quảng Trị,Thị trấn Cam Lộ,Huyện Cam Lộ,Việt Nam,Châu Á
731,Điện Biên,Phường Mường Thanh,TP. Điện Biên Phủ,Việt Nam,Châu Á
732,Sóc Trăng,Thị trấn Châu Thành,Huyện Châu Thành,Việt Nam,Châu Á
733,Sơn La,Phường Chiềng An,TP. Sơn La,Việt Nam,Châu Á
734,Tây Ninh,Phường Hiệp Ninh,TP. Tây Ninh,Việt Nam,Châu Á
735,Gia Lai,Phường Tây Sơn,Thị xã An Khê,Việt Nam,Châu Á
736,Hà Giang,Phường Minh Khai,TP. Hà Giang,Việt Nam,Châu Á
737,Thái Nguyên,Thị trấn Đại Từ,Huyện Đại Từ,Việt Nam,Châu Á
738,Hà Nam,Thị trấn Bình Mỹ,Huyện Bình Lục,Việt Nam,Châu Á
739,Hà Tĩnh,Phường Bắc Hà,TP. Hà Tĩnh,Việt Nam,Châu Á
740,Thừa Thiên Huế,Phường An Đông,TP. Huế,Việt Nam,Châu Á
741,Hải Dương,Phường Phạm Ngũ Lão,TP. Hải Dương,Việt Nam,Châu Á
742,Tiền Giang,Thị trấn Cái Bè,Huyện Cái Bè,Việt Nam,Châu Á
743,Hải Phòng,Thị trấn An Dương,Huyện An Dương,Việt Nam,Châu Á
744,Trà Vinh,Xã Long Đức,TP. Trà Vinh,Việt Nam,Châu Á
745,Hậu Giang,Xã Đông Thạnh,Huyện Châu Thành,Việt Nam,Châu Á
746,Tuyên Quang,Phường Đội Cấn,TP. Tuyên Quang,Việt Nam,Châu Á
747,Hòa Bình,Phường Đồng Tiến,TP. Hòa Bình,Việt Nam,Châu Á
748,Vĩnh Long,Xã Tân Hòa,TP. Vĩnh Long,Việt Nam,Châu Á
749,Hưng Yên,Phường An Tảo,TP. Hưng Yên,Việt Nam,Châu Á
750,Vĩnh Phúc,Phường Tích Sơn,TP. Vĩnh Yên,Việt Nam,Châu Á
751,Yên Bái,Thị trấn Yên Thế,Huyện Lục Yên,Việt Nam,Châu Á
752,Yên Bái,Xã Mường Lai,Huyện Lục Yên,Việt Nam,Châu Á
753,Yên Bái,Xã An Lạc,Huyện Lục Yên,Việt Nam,Châu Á
754,Yên Bái,Phường Đồng Tâm,TP. Yên Bái,Việt Nam,Châu Á
755,Yên Bái,Phường Minh Tân,TP. Yên Bái,Việt Nam,Châu Á
756,Yên Bái,Phường Nguyễn Thái Học,TP. Yên Bái,Việt Nam,Châu Á
757,Yên Bái,Xã Phúc Lộc,TP. Yên Bái,Việt Nam,Châu Á
758,Algiers,Guaviare,Encamp,Algeria,Africa
759,Boumerdas,Hamburg,Sar-e Pul,Algeria,Africa
760,Oran,Kraj Vysocina,Tiran,Algeria,Africa
761,Tébessa,Pinar del R o,Daykundi,Algeria,Africa
762,Luanda,San Jos_,Baghlan,Angola,Africa
763,N’dalatando,Heredia,Barbuda,Angola,Africa
764,Huambo,Lefkosia,Ararat,Angola,Africa
765,Lobito,Brandenburg,Vlor,Angola,Africa
766,Cotonou,Olomouck_ kraj,Kandahar,Benin,Africa
767,Abomey-Calavi,Th ringen,Dubayy [Dubai],Benin,Africa
768,Djougou,Caldas,Andorra la Vella,Benin,Africa
769,Porto-Novo,Nordrhein-Westfalen,Canillo,Benin,Africa
770,Gaborone,Guain a,Jowzjan,Botswana,Africa
771,Francistown,Ribeira Grande de Santiago,Takhar,Botswana,Africa
772,Molepolole,Berlin,Bi_,Botswana,Africa
773,Selebi-Phikwe,Mayabeque,Namibe,Botswana,Africa
774,Ouagadougou,Guant namo,Farah,Burkina Faso,Africa
775,Bobo-Dioulasso,Djibouti,Redonda,Burkina Faso,Africa
776,Koudougou,Pafos,Benguela,Burkina Faso,Africa
777,Ouahigouya,Isla de la Juventud,Kuna,Burkina Faso,Africa
778,Bujumbura,Niedersachsen,Umm al Qaywayn,Burundi,Africa
779,Muyinga,Santa Catarina do Fogo,Badghis,Burundi,Africa
780,Ruyigi,Artemisa,Escaldes-Engordany,Burundi,Africa
781,Gitega,Santa Cruz,Parwan,Burundi,Africa
782,Douala,Schleswig-Holstein,Herat,Cameroon,Africa
783,Yaoundé,Mosteiros,Ghazni,Cameroon,Africa
784,Garoua,Paul,Loi,Cameroon,Africa
785,Kousséri,Bayern,'Ajman,Cameroon,Africa
786,Praia,Rheinland-Pfalz,Lezh,Cape Verde,Africa
787,Mindelo,Duarte,Ra s al Khaymah,Cape Verde,Africa
788,Santa Maria,Azua,Kuk s,Cape Verde,Africa
789,Cova Figueira,Saint John,Saint Philip,Cape Verde,Africa
790,,Saint Joseph,Saint Paul,Central African Republic,Africa
791,Bangui,Puerto Plata,Ghor,Chad,Africa
792,Bimbo,Sj_lland,Ordino,Chad,Africa
793,Mbaïki,Hovedstaden,San Luis,Chad,Africa
794,Berbérati,Tadjourah,Balkh,Chad,Africa
795,Moroni,Cibao Nordeste,Faryab,Comoros,Africa
796,Moutsamoudou,Obock,Saint John,Comoros,Africa
797,Fomboni,Syddanmark,Gjirokast r,Comoros,Africa
798,Domoni,Ali Sabieh,Saint Peter,Comoros,Africa
799,Kinshasa,Saint Paul,Khost,Democratic Republic of the Congo,Africa
800,Lubumbashi,Peravia,Sant Juli  de L ria,Democratic Republic of the Congo,Africa
801,Mbuji-Mayi,Santiago,Ash Shariqah [Sharjah],Democratic Republic of the Congo,Africa
802,Kisangani,Independencia,La Massana,Democratic Republic of the Congo,Africa
803,Djibouti,Saint Peter,Kapisa,Djibouti,Africa
804,Ali Sabieh,Monte Cristi,_irak,Djibouti,Africa
805,Tadjoura,Espaillat,Bamyan,Djibouti,Africa
806,Obock,Sachsen,Al Fujayrah,Djibouti,Africa
807,Cairo,Saint Luke,Paktika,Egypt,Africa
808,Alexandria,Saint George,Kabul,Egypt,Africa
809,Giza,Nordjylland,Zabul,Egypt,Africa
810,Port Said,Saint Mark,Badakhshan,Egypt,Africa
811,,Saman,Kwanza Norte,Equatorial Guinea,Africa
812,Bata,San Crist bal,Laghman,Eritrea,Africa
813,Malabo,Barahona,Huambo,Eritrea,Africa
814,Ebebiyin,Saint Andrew,Helmand,Eritrea,Africa
815,Aconibe,Saint David,Dib r,Eritrea,Africa
816,Addis Ababa,El as Pi a,Nuristan,Ethiopia,Africa
817,Dire Dawa,Midtjylland,Gegark'unik',Ethiopia,Africa
818,Bahir Dar,San Pedro de Macor s,Moxico,Ethiopia,Africa
819,Gondar,Saint Patrick,Panjshayr,Ethiopia,Africa
820,Libreville,Dajab n,Uruzgan,Gabon,Africa
821,Port-Gentil,Distrito Nacional (Santo Domingo),Elbasan,Gabon,Africa
822,Franceville,Pedernales,Abu Z aby [Abu Dhabi],Gabon,Africa
823,Oyem,Hermanas Mirabal,Saint Mary,Gabon,Africa
824,Serekunda,Baoruco,Samangan,Gambia,Africa
825,Brikama,El Seibo,Fier,Gambia,Africa
826,Bakau,La Altagracia,Aragacotn,Gambia,Africa
827,Banjul,La Vega,U ge,Gambia,Africa
828,Accra,Monse or Nouel,Nimroz,Ghana,Africa
829,Kumasi,La Romana,Kunduz,Ghana,Africa
830,Tamale,Mar a Trinidad S nchez,Saint George,Ghana,Africa
831,Takoradi,Hato Mayor,Nangarhar,Ghana,Africa
832,North-West,Santo Domingo,Kor,Guinea,Africa
833,Arkhabil Suqutr,Monte Plata,Tucum n,Guinea-Bissau,Africa
834,Luapula,Oum el Bouaghi,Erevan,Ivory Coast,Africa
835,Hu Giang,S nchez Ram rez,Logar,Kenya,Africa
836,Al Mawit,Alger,Berat,Lesotho,Africa
837,Gagaifomauga,Cibao Sur,Luanda,Liberia,Africa
838,Limpopo,Loja,Shkod r,Libya,Africa
839,Abyan,San Jos_ de Ocoa,La Pampa,Madagascar,Africa
840,Western Cape,Boumerd s,Lunda Norte,Malawi,Africa
841,Midlands,B_ja a,Ciudad Aut noma de Buenos Aires,Mali,Africa
842,Northern,Tiaret,Lunda Sul,Mauritania,Africa
843,Mashonaland Central,Cibao Noroeste,Paktiya,Mauritius,Africa
844,Eastern,Naama,Wardak,Mayotte,Africa
845,Lusaka,Khenchela,Tavu_,Morocco,Africa
846,Al Mahrah,Santiago Rodr guez,Chubut,Mozambique,Africa
847,Matabeleland North,Biskra,Jujuy,Namibia,Africa
848,Masvingo,Ozama,Bengo,Niger,Africa
849,Copperbelt,Santa Elena,La Rioja,Nigeria,Africa
850,Muchinga,San Juan,Vayoc Jor,Republic of the Congo,Africa
851,Bulawayo,El Bayadh,Syunik',Rwanda,Africa
852,Ma rib,Valverde,Kuando Kubango,Réunion,Africa
853,Torba,Tlemcen,Kwanza Sul,Saint Helena,Africa
854,Al Jawf,Tartumaa,Santa Fe,Senegal,Africa
855,Gauteng,Batna,Santiago del Estero,Seychelles,Africa
856,aramawt,El Valle,Cunene,Sierra Leone,Africa
857,Ravenna,Yuma,Entre R os,Somalia,Africa
858,Treviso,Relizane,Malange,South Africa,Africa
859,Reggio Calabria,Annaba,R o Negro,South Sudan,Africa
860,Saint Mary,Tindouf,Armavir,Sudan,Africa
861,Pesaro e Urbino,Tipaza,Hu la,Swaziland,Africa
862,Tottori,Santo Domingo de los Ts chilas,Buenos Aires,São Tomé and Príncipe,Africa
863,Roma,AI Wadi al Jadid,San Juan,Tanzania,Africa
864,Prato,Tizi Ouzou,Zaire,Togo,Africa
865,Hanover,Enriquillo,Misiones,Tunisia,Africa
866,Pistoia,Tamanrasset,Cabinda,Uganda,Africa
867,Rovigo,A n Defla,Chaco,Western Sahara,Africa
868,Saint James,Napo,Durr s,Zambia,Africa
869,Reggio Emilia,Mostaganem,Formosa,Zimbabwe,Africa
870,McMurdo Station,AI Fayyum,Salta,Antarctica,Antarctica
871,Sondrio,Djelfa,Catamarca,Bouvet Island,Antarctica
872,Port-aux-Français,Mila,Kotayk',French Southern Territories,Antarctica
873,Irbid,Chlef,Mendoza,Heard Island and McDonald Islands,Antarctica
874,Grytviken,Adrar,New South Wales,South Georgia and the South Sandwich Islands,Antarctica
875,Kabul,L__ne-Virumaa,C rdoba,Afghanistan,Asia
876,Kunduz,S_tif,Santa Cruz,Afghanistan,Asia
877,Ghazni,Orellana,Australian Capital Territory,Afghanistan,Asia
878,Balkh,B_char,Tierra del Fuego,Afghanistan,Asia
879,Yerevan,Cibao Norte,Wien,Armenia,Asia
880,Gyumri,Al Bar al Amar,Burgenland,Armenia,Asia
881,Vanadzor,Jijel,Victoria,Armenia,Asia
882,Ejmiatsin,Imbabura,Astara,Armenia,Asia
883,Baku,Sucumb os,Northern Territory,Azerbaijan,Asia
884,Ganja,El Tarf,Brd,Azerbaijan,Asia
885,Sumqayıt,J gevamaa,Dasksn,Azerbaijan,Asia
886,Lankaran,Bordj Bou Arr_ridj,Klbcr,Azerbaijan,Asia
887,Manama,Valdesia,Neuqu_n,Bahrain,Asia
888,Al Muharraq,Azuay,Agstafa,Bahrain,Asia
889,Sitrah,Tungurahua,Baki,Bahrain,Asia
890,Al Ḩadd,Ouargla,Salzburg,Bahrain,Asia
891,Dhaka,Sidi Bel Abb s,Gnc,Bangladesh,Asia
892,Chittagong,P_rnumaa,Agdam,Bangladesh,Asia
893,Khulna,Bouira,South Australia,Bangladesh,Asia
894,Comilla,Chimborazo,Nieder_sterreich,Bangladesh,Asia
895,Thimphu,Al Buayrah,Steiermark,Bhutan,Asia
896,Tsirang,Hiiumaa,Vorarlberg,Bhutan,Asia
897,Phuntsholing,Al Uqsur,Ober_sterreich,Bhutan,Asia
898,Pemagatshel,Raplamaa,Qobustan,Bhutan,Asia
899,Verona,Tissemsilt,Quba,British Indian Ocean Territory,Asia
900,Bandar Seri Begawan,T_bessa,Goranboy,Brunei,Asia
901,Kuala Belait,El Oro,Corrientes,Brunei,Asia
902,Seria,Gharda a,Kngrli,Brunei,Asia
903,Tutong,Oran,Oguz,Brunei,Asia
904,Phnom Penh,Higuamo,K_rnten,Cambodia,Asia
905,Takeo,Los R os,Samaxi,Cambodia,Asia
906,Sihanoukville,Esmeraldas,G_yg_l,Cambodia,Asia
907,Battambang,Shamal Sina',Tasmania,Cambodia,Asia
908,Shanghai,Skikda,F zuli,China,Asia
909,Beijing,Aswan,Haciqabul,China,Asia
910,Tianjin,Ad Daqahliyah,Western Australia,China,Asia
911,Guangzhou,Carchi,Queensland,China,Asia
912,Flying Fish Cove,M'sila,Agsu,Christmas Island,Asia
913,West Island,Guelma,Tirol,Cocos [Keeling] Islands,Asia
914,Tbilisi,A n T_mouchent,Agcabdi,Georgia,Asia
915,Kutaisi,P lvamaa,Beylqan,Georgia,Asia
916,Batumi,Bani Suwayf,G_y ay,Georgia,Asia
917,Sokhumi,L__nemaa,Babk,Georgia,Asia
918,Hong Kong,Valgamaa,Qbl,Hong Kong,Asia
919,Kowloon,Laghouat,Bilsuvar,Hong Kong,Asia
920,Tsuen Wan,Manab,Clilabad,Hong Kong,Asia
921,Yuen Long Kau Hui,Constantine,Nax ivan,Hong Kong,Asia
922,Mumbai,V rumaa,Masalli,India,Asia
923,Delhi,Ca ar,Agdas,India,Asia
924,Bengaluru,Blida,Lnkran,India,Asia
925,Kolkata,Guayas,Sirvan,India,Asia
926,Jakarta,Harjumaa,Ski,Indonesia,Asia
927,Surabaya,Sa da,Lerik,Indonesia,Asia
928,Medan,Mascara,Ming evir,Indonesia,Asia
929,Bandung,Pichincha,Qazax,Indonesia,Asia
930,Tehran,Ida-Virumaa,Cbrayil,Iran,Asia
931,Mashhad,M_d_a,Salyan,Iran,Asia
932,Isfahan,Pastaza,Abseron,Iran,Asia
933,Karaj,Illizi,Smkir,Iran,Asia
934,Baghdad,El Oued,Qusar,Iraq,Asia
935,Basrah,Souk Ahras,Gdby,Iraq,Asia
936,Mosul,Bol var,Sdrk,Iraq,Asia
937,Erbil,Morona-Santiago,La in,Iraq,Asia
938,Jerusalem,Gal pagos,Balakn,Israel,Asia
939,Tel Aviv,Cotopaxi,Ismayilli,Israel,Asia
940,West Jerusalem,Zamora Chinchipe,K rdmir,Israel,Asia
941,Haifa,J_rvamaa,Sumqayit,Israel,Asia
942,Tokyo,Saaremaa,Qubadli,Japan,Asia
943,Yokohama,Bur Sa'id,Neft ala,Japan,Asia
944,Osaka,AI Minufiyah,Qax,Japan,Asia
945,Nagoya,AI Qahirah,Culfa,Japan,Asia
946,Amman,Ash Sharqiyah,Lnkran,Jordan,Asia
947,Zarqa,AI Gharbiyah,Naftalan,Jordan,Asia
948,Irbid,Matruh,Nax ivan,Jordan,Asia
949,Russeifa,AI Isma 'iliyah,Ordubad,Jordan,Asia
950,Almaty,Ma ikel,Sabran,Kazakhstan,Asia
951,Karagandy,Anseba,Imisli,Kazakhstan,Asia
952,Shymkent,Kafr ash Shaykh,Sahbuz,Kazakhstan,Asia
953,Taraz,AI Iskandariyah,Saatli,Kazakhstan,Asia
954,Kuwait City,Viljandimaa,Sabirabad,Kuwait,Asia
955,Ar Riqqah,Janub Sina',Ski,Kuwait,Asia
956,Al Manqaf,Asyut,Siyzn,Kuwait,Asia
957,Ad Dasmah,Qina,Xizi,Kuwait,Asia
958,Bishkek,AI Minya,Saint Andrew,Kyrgyzstan,Asia
959,Osh,Debub,Saint Lucy,Kyrgyzstan,Asia
960,Jalal-Abad,Debubawi K eyyi Bari,Yardimli,Kyrgyzstan,Asia
961,Karakol,AI Jizah,Habiganj,Kyrgyzstan,Asia
962,Vientiane,Dumyat,Yevlax,Laos,Asia
963,Pakse,As Suways,Srur,Laos,Asia
964,Luang Prabang,AI Qalyubiyah,Bogra,Laos,Asia
965,Xam Nua,Suhaj,Jhenaidah,Laos,Asia
966,Beirut,Gash-Barka,Madaripur,Lebanon,Asia
967,Tripoli,Córdoba,Trtr,Lebanon,Asia
968,Sidon,Sevilla,Samux,Lebanon,Asia
969,Tyre,Badajoz,Bhola,Lebanon,Asia
970,Macau,Toledo,Brcko distrikt,Macao,Asia
971,Kota Bharu,Alicante / Alacant,Dinajpur,Malaysia,Asia
972,Kuala Lumpur,A Coruña  [La Coruña],Feni,Malaysia,Asia
973,Klang,Ahvenanmaan maakunta,Tovuz,Malaysia,Asia
974,Kampung Baru Subang,Semienawi K eyyi Bari,Federacija Bosne i Hercegovine,Malaysia,Asia
975,Male,Tigray,Zaqatala,Maldives,Asia
976,Fuvahmulah,Tarragona  [Tarragona],Xankndi,Maldives,Asia
977,Hithadhoo,Cáceres,Cox's Bazar,Maldives,Asia
978,Kulhudhuffushi,León,Xocali,Maldives,Asia
979,Ulan Bator,Castellón / Castelló,Khagrachhari,Mongolia,Asia
980,Erdenet,Almería,Susa,Mongolia,Asia
981,Darhan,Ávila,Zngilan,Mongolia,Asia
982,Khovd,Cuenca,Ucar,Mongolia,Asia
983,Yangon,Burgos,Bagerhat,Myanmar [Burma],Asia
984,Mandalay,Ciudad Real,Gazipur,Myanmar [Burma],Asia
985,Nay Pyi Taw,Adis Abeba,Lakshmipur,Myanmar [Burma],Asia
986,Mawlamyine,Santa Cruz de Tenerife,Christ Church,Myanmar [Burma],Asia
987,Kathmandu,Segovia,Saint Peter,Nepal,Asia
988,Pokhara,Huesca,Chuadanga,Nepal,Asia
989,Biratnagar,Guadalajara,Meherpur,Nepal,Asia
990,Bharatpur,Albacete,Xa maz,Nepal,Asia
991,Pyongyang,Soria,Jhalakathi,North Korea,Asia
992,Haeju,Granada,Mymensingh,North Korea,Asia
993,Kanggye,Ja_n,Barguna,North Korea,Asia
994,Hyesan,Kainuu,Saint George,North Korea,Asia
995,Muscat,Kanta-H_me,Zrdab,Oman,Asia
996,Seeb,Cantabria,Saint James,Oman,Asia
997,Bawshar,Ceuta,Noakhali,Oman,Asia
998,Sohar,Asturias,Kurigram,Oman,Asia
999,Karachi,Balears  [Baleares],Xocavnd,Pakistan,Asia
1000,Lahore,Afar,Moulvibazar,Pakistan,Asia
1001,Rawalpindi,Valencia / València,Barisal,Pakistan,Asia
1002,Hyderabad,Biskaia,Jamalpur,Pakistan,Asia
1003,East Jerusalem,Gipuzkoa,Narsingdi,Palestine,Asia
1004,Gaza,Málaga,Bandarban,Palestine,Asia
1005,Hebron,Lugo  [Lugo],Joypurhat,Palestine,Asia
1006,Nablus,Binshangul Gumuz,Saint John,Palestine,Asia
1007,Quezon City,Barcelona  [Barcelona],Saint Thomas,Philippines,Asia
1008,Manila,Navarra / Nafarroa,Rajbari,Philippines,Asia
1009,Caloocan City,YeDebub Biheroch Bihereseboch na Hizboch,Nilphamari,Philippines,Asia
1010,Budta,Álava / Araba,Yevlax,Philippines,Asia
1011,Doha,Ourense  [Orense],Saint Michael,Qatar,Asia
1012,Al Wakrah,Salamanca,Comilla,Qatar,Asia
1013,Al Khawr,Teruel,Satkhira,Qatar,Asia
1014,Al Wukayr,Etel_-Pohjanmaa,Pirojpur,Qatar,Asia
1015,Riyadh,Huelva,Narail,Saudi Arabia,Asia
1016,Jeddah,Etel_-Karjala,Faridpur,Saudi Arabia,Asia
1017,Mecca,Hareri Hizb,Brahmanbaria,Saudi Arabia,Asia
1018,Medina,Zamora,Kushtia,Saudi Arabia,Asia
1019,Singapore,La Rioja,Kishoreganj,Singapore,Asia
1020,Seoul,Palencia,Saint Joseph,South Korea,Asia
1021,Busan,Zaragoza,Chapai Nawabganj,South Korea,Asia
1022,Incheon,Murcia,Rangamati,South Korea,Asia
1023,Daegu,Gambela Hizboch,Sunamganj,South Korea,Asia
1024,Colombo,Lappi,Tangail,Sri Lanka,Asia
1025,Dehiwala-Mount Lavinia,Melilla,Saint Philip,Sri Lanka,Asia
1026,Mount Lavinia,Cádiz,Republika Srpska,Sri Lanka,Asia
1027,Galkissa,Girona  [Gerona],Narayanganj,Sri Lanka,Asia
1028,Aleppo,Pontevedra  [Pontevedra],Chittagong,Syria,Asia
1029,Damascus,Las Palmas,Natore,Syria,Asia
1030,Homs,Keski-Pohjanmaa,Rajshahi,Syria,Asia
1031,Latakia,Lleida  [L_rida],Dhaka,Syria,Asia
1032,Taipei,Madrid,Chandpur,Taiwan,Asia
1033,Kaohsiung,Valladolid,Gopalganj,Taiwan,Asia
1034,Taichung,Dire Dawa,Rangpur,Taiwan,Asia
1035,Tainan,Lau,Jessore,Taiwan,Asia
1036,Dushanbe,P_ij_t-H_me,Naogaon,Tajikistan,Asia
1037,Istaravshan,Lomaiviti,Gaibandha,Tajikistan,Asia
1038,Konibodom,Rewa,Lalmonirhat,Tajikistan,Asia
1039,Vahdat,Amara,Patuakhali,Tajikistan,Asia
1040,Bangkok,Satakunta,Shariatpur,Thailand,Asia
1041,Samut Prakan,Rotuma,Khulna,Thailand,Asia
1042,Mueang Nonthaburi,Pirkanmaa,Manikganj,Thailand,Asia
1043,Udon Thani,Pohjois-Karjala,Munshiganj,Thailand,Asia
1044,Istanbul,Pohjois-Pohjanmaa,Sylhet,Turkey,Asia
1045,Ankara,Oromiya,Magura,Turkey,Asia
1046,Bursa,Ba,Netrakona,Turkey,Asia
1047,Adana,Sumale,Vlaams Brabant,Turkey,Asia
1048,Ashgabat,Kosrae,Bal_,Turkmenistan,Asia
1049,Mary,Kadavu,Sirajganj,Turkmenistan,Asia
1050,Balkanabat,Keski-Suomi,West-Vlaanderen,Turkmenistan,Asia
1051,Bayramaly,Etel_-Savo,Gnagna,Turkmenistan,Asia
1052,Dubai,Nadroga and Navosa,Kardzhali,United Arab Emirates,Asia
1053,Abu Dhabi,Pohjois-Savo,Oost-Vlaanderen,United Arab Emirates,Asia
1054,Sharjah,Pohjanmaa,Panchagarh,United Arab Emirates,Asia
1055,Al Ain,Serua,Bam,United Arab Emirates,Asia
1056,Tashkent,Uusimaa,Hainaut,Uzbekistan,Asia
1057,Namangan,Bua,Namur,Uzbekistan,Asia
1058,Samarqand,Pohnpei,"Bruxelles-Capitale, R_gion de",Uzbekistan,Asia
1059,Andijon,Cakaudrove,Ganzourgou,Uzbekistan,Asia
1060,Sanaa,Hautes-Alpes,Thakurgaon,Yemen,Asia
1061,Aden,Varsinais-Suomi,Kadiogo,Yemen,Asia
1062,Ibb,Doubs,Limburg,Yemen,Asia
1063,Al Bayda,Ari ge,Bougouriba,Yemen,Asia
1064,Tirana,Cher,Gourma,Albania,Europe
1065,Elbasan,Finist re,Pabna,Albania,Europe
1066,Pogradec,Dordogne,Yagha,Albania,Europe
1067,Patos,Kymenlaakso,Banwa,Albania,Europe
1068,Andorra la Vella,Naitasiri,Li ge,Andorra,Europe
1069,les Escaldes,Corse-du-Sud,Ioba,Andorra,Europe
1070,Encamp,Cantal,K_n_dougou,Andorra,Europe
1071,la Massana,Allier,Boulgou,Andorra,Europe
1072,Vienna,Aisne,Noumbiel,Austria,Europe
1073,Graz,Ra,Gabrovo,Austria,Europe
1074,Linz,Dr me,Komondjari,Austria,Europe
1075,Salzburg,Chuuk,Baz gaga,Austria,Europe
1076,Minsk,C tes-d'Armor,Kourw_ogo,Belarus,Europe
1077,Gomel,Bouches-du-Rh ne,Kouritenga,Belarus,Europe
1078,Mahilyow,Haute-Corse,Brabant wallon,Belarus,Europe
1079,Vitebsk,Macuata,Namentenga,Belarus,Europe
1080,Brussels,Ain,Antwerpen,Belgium,Europe
1081,Antwerpen,Corr ze,Sherpur,Belgium,Europe
1082,Gent,Landes,Kompienga,Belgium,Europe
1083,Charleroi,Is re,Boulkiemd_,Belgium,Europe
1084,Sarajevo,Haute-Loire,Oudalan,Bosnia and Herzegovina,Europe
1085,Banja Luka,Haute-Garonne,Veliko Tarnovo,Bosnia and Herzegovina,Europe
1086,Zenica,Aube,Loroum,Bosnia and Herzegovina,Europe
1087,Tuzla,Manche,Montana,Bosnia and Herzegovina,Europe
1088,Sofia,Tailevu,Como_,Bulgaria,Europe
1089,Plovdiv,Alpes-de-Haute-Provence,Nahouri,Bulgaria,Europe
1090,Varna,Mayenne,Dobrich,Bulgaria,Europe
1091,Burgas,C te-d'Or,Kossi,Bulgaria,Europe
1092,Zagreb,Alpes-Maritimes,Tuy,Croatia,Europe
1093,Split,Haute-Marne,Mouhoun,Croatia,Europe
1094,Rijeka,Indre,Sissili,Croatia,Europe
1095,Osijek,Namosi,Zoundw_ogo,Croatia,Europe
1096,Nicosia,Loir-et-Cher,Passor_,Cyprus,Europe
1097,Limassol,Aveyron,L_raba,Cyprus,Europe
1098,Larnaca,Loire-Atlantique,Oubritenga,Cyprus,Europe
1099,Famagusta,Oise,Razgrad,Cyprus,Europe
1100,Prague,Haute-Savoie,S_no,Czech Republic,Europe
1101,Brno,Ardennes,Poni,Czech Republic,Europe
1102,Ostrava,Ille-et-Vilaine,Plovdiv,Czech Republic,Europe
1103,Pilsen,Morbihan,Blagoevgrad,Czech Republic,Europe
1104,Copenhagen,Savoie,Koulp_logo,Denmark,Europe
1105,Odense,Gironde,Sangui_,Denmark,Europe
1106,Aalborg,Gers,Luxembourg,Denmark,Europe
1107,Frederiksberg,Lot,Sanmatenga,Denmark,Europe
1108,Tallinn,Haut-Ogoou_,Houet,Estonia,Europe
1109,Tartu,Maine-et-Loire,Soum,Estonia,Europe
1110,Narva,Hautes-Pyr_n_es,Zondoma,Estonia,Europe
1111,Viljandi,Meurthe-et-Moselle,Yatenga,Estonia,Europe
1112,Argir,Sa ne-et-Loire,Nayala,Faroe Islands,Europe
1113,Vestmanna,Eure,Varna,Faroe Islands,Europe
1114,Sandur,Gard,Sourou,Faroe Islands,Europe
1115,Kunoy,Loiret,Lovech,Faroe Islands,Europe
1116,Helsinki,Yonne,Ruse,Finland,Europe
1117,Espoo,Haut-Rhin,Pleven,Finland,Europe
1118,Tampere,Barnet,Vidin,Finland,Europe
1119,Vantaa,Ard che,Tapoa,Finland,Europe
1120,Paris,Essonne,Burgas,France,Europe
1121,Marseille,Bradford,Ziro,France,Europe
1122,Lyon,Pyr_n_es-Orientales,Smolyan,France,Europe
1123,Toulouse,Loire,Kjustendil,France,Europe
1124,Berlin,Vaucluse,Vratsa,Germany,Europe
1125,Hamburg,Ogoou_-Maritime,Sliven,Germany,Europe
1126,Munich,Charente,Al Janubiyah,Germany,Europe
1127,Frankfurt am Main,Brighton and Hove,Targovishte,Germany,Europe
1128,Gibraltar,Puy-de-D me,Pernik,Gibraltar,Europe
1129,Athens,Deux-S vres,Pazardzik,Greece,Europe
1130,Piraeus,Birmingham,Cibitoke,Greece,Europe
1131,Volos,Lot-et-Garonne,Silistra,Greece,Europe
1132,Agios Dimitrios,Somme,Karuzi,Greece,Europe
1133,Saint Peter Port,Marne,Sofia,Guernsey,Europe
1134,St Anne,Clackmannanshire,Bururi,Guernsey,Europe
1135,Saint Sampson,Ni vre,Sofia (stolitsa),Guernsey,Europe
1136,Saint Saviour,Moselle,Al  Asimah,Guernsey,Europe
1137,Budapest,Charente-Maritime,Plateau,Hungary,Europe
1138,Debrecen,Loz re,Kirundo,Hungary,Europe
1139,Miskolc,Tarn,Ash Shamaliyah,Hungary,Europe
1140,Szeged,Ngouni_,Shumen,Hungary,Europe
1141,Akureyri,East Lothian,Stara Zagora,Iceland,Europe
1142,Akranes,Pyr_n_es-Atlantiques,Santa Cruz,Iceland,Europe
1143,Selfoss,Vend_e,Muyinga,Iceland,Europe
1144,Seltjarnarnes,Nord,Atlantique,Iceland,Europe
1145,Dublin,Meuse,Muramvya,Ireland,Europe
1146,Cork,Creuse,Haskovo,Ireland,Europe
1147,Luimneach,Bracknell Forest,Kayanza,Ireland,Europe
1148,Gaillimh,Ceredigion [Sir Ceredigion],Bujumbura Rural,Ireland,Europe
1149,Douglas,Calvados,Ruyigi,Isle of Man,Europe
1150,Ramsey,Angus,Ngozi,Isle of Man,Europe
1151,Peel,Bas-Rhin,Cankuzo,Isle of Man,Europe
1152,Port Erin,Aberdeen City,Gitega,Isle of Man,Europe
1153,Rome,Blaenau Gwent,Yambol,Italy,Europe
1154,Milan,Calderdale,Bubanza,Italy,Europe
1155,Naples,Bridgend [Pen-y-bont ar Ogwr GB-POG],Amap,Italy,Europe
1156,Turin,Var,Couffo,Italy,Europe
1157,Saint Helier,"Armagh, Banbridge and Craigavon",Mwaro,Jersey,Europe
1158,Le Hocq,H_rault,Atacora,Jersey,Europe
1159,Pristina,Pas-de-Calais,Acre,Kosovo,Europe
1160,Prizren,Rh ne,Bonaire,Kosovo,Europe
1161,Suva Reka,Yvelines,Borgou,Kosovo,Europe
1162,Ferizaj,Eure-et-Loir,Rumonge,Kosovo,Europe
1163,Riga,Seine-et-Marne,Mono,Latvia,Europe
1164,Daugavpils,Indre-et-Loire,Littoral,Latvia,Europe
1165,Jelgava,Vienne,Bujumbura Mairie,Latvia,Europe
1166,Ventspils,"Bristol, City of",Mato Grosso do Sul,Latvia,Europe
1167,Schaan,Buckinghamshire,Makamba,Liechtenstein,Europe
1168,Vaduz,Nyanga,Zou,Liechtenstein,Europe
1169,Triesen,Yap,Maranh o,Liechtenstein,Europe
1170,Balzers,Ards and North Down,Moore's Island,Liechtenstein,Europe
1171,Vilnius,Val-de-Marne,Donga,Lithuania,Europe
1172,Kaunas,Orne,Mato Grosso,Lithuania,Europe
1173,Alytus,Armagh,El Beni,Lithuania,Europe
1174,Dainava,Estuaire,Temburong,Lithuania,Europe
1175,Luxembourg,Tarn-et-Garonne,Tarija,Luxembourg,Europe
1176,Esch-sur-Alzette,Jura,Oruro,Luxembourg,Europe
1177,Dudelange,Territoire de Belfort,Rutana,Luxembourg,Europe
1178,Schifflange,Bury,Collines,Luxembourg,Europe
1179,Birkirkara,Bromley,Exuma,Malta,Europe
1180,Qormi,Aude,Tocantins,Malta,Europe
1181,Mosta,Vosges,North Abaco,Malta,Europe
1182,Saint John,Cumbria,Ou_m_,Malta,Europe
1183,Chisinau,Aberdeenshire,Chuquisaca,Moldova,Europe
1184,Tiraspol,Seine-Maritime,Cochabamba,Moldova,Europe
1185,Bender,Paris,Tutong,Moldova,Europe
1186,Cahul,Haute-Sa ne,Goi s,Moldova,Europe
1187,Monaco,Ogoou_-Ivindo,North Eleuthera,Monaco,Europe
1188,Monte-Carlo,Haute-Vienne,Alibori,Monaco,Europe
1189,La Condamine,Sarthe,Bimini,Monaco,Europe
1190,Fontvieille,Antrim and Newtownabbey,Alagoas,Monaco,Europe
1191,Podgorica,Central Bedfordshire,Black Point,Montenegro,Europe
1192,Herceg-Novi,Seine-Saint-Denis,Al Muarraq,Montenegro,Europe
1193,Pljevlja,Bedford,Central Eleuthera,Montenegro,Europe
1194,Budva,Argyll and Bute,Prince Edward Island,Montenegro,Europe
1195,Amsterdam,Bath and North East Somerset,La Paz,Netherlands,Europe
1196,Rotterdam,Ogoou_-Lolo,Grand Cay,Netherlands,Europe
1197,The Hague,Darlington,Rio Grande do Sul,Netherlands,Europe
1198,Utrecht,Brent,Brunei-Muara,Netherlands,Europe
1199,Skopje,Isle of Anglesey [Sir Ynys M n GB-YNM],Belait,North Macedonia,Europe
1200,Bitola,Hauts-de-Seine,Thimphu,North Macedonia,Europe
1201,Kumanovo,Moyen-Ogoou_,Hope Town,North Macedonia,Europe
1202,Prilep,Bexley,Pando,North Macedonia,Europe
1203,Oslo,Durham,Mayaguana,Norway,Europe
1204,Bergen,Cheshire East,Crooked Island and Long Cay,Norway,Europe
1205,Trondheim,Blackburn with Darwen,Sergipe,Norway,Europe
1206,Stavanger,Cambridgeshire,Amazonas,Norway,Europe
1207,Warsaw,Derby,Sint Eustatius,Poland,Europe
1208,Szczecin,Coventry,Spanish Wells,Poland,Europe
1209,Bydgoszcz,Bolton,Rio Grande do Norte,Poland,Europe
1210,Lublin,Val-d'Oise,Distrito Federal,Poland,Europe
1211,Lisbon,Cardiff [Caerdydd GB-CRD],Pernambuco,Portugal,Europe
1212,Porto,Causeway Coast and Glens,Cear,Portugal,Europe
1213,Amadora,Barnsley,Saskatchewan,Portugal,Europe
1214,Oeiras,Belfast,Trongsa,Portugal,Europe
1215,Bucharest,Bournemouth,Toledo,Romania,Europe
1216,Sector 3,Caerphilly [Caerffili GB-CAF],South Abaco,Romania,Europe
1217,Sector 6,Woleu-Ntem,S o Paulo,Romania,Europe
1218,Sector 2,Conwy,Para ba,Romania,Europe
1219,Moscow,Derry and Strabane,Chhukha,Russia,Europe
1220,Saint Petersburg,Blackpool,Esp rito Santo,Russia,Europe
1221,Novosibirsk,Carmarthenshire [Sir Gaerfyrddin GB-GFY],Ragged Island,Russia,Europe
1222,Yekaterinburg,Barking and Dagenham,Minas Gerais,Russia,Europe
1223,Serravalle,Croydon,Rond nia,San Marino,Europe
1224,Borgo Maggiore,Cheshire West and Chester,Potos,San Marino,Europe
1225,San Marino,Derbyshire,Piau,San Marino,Europe
1226,Domagnano,Cornwall,Sarpang,San Marino,Europe
1227,Belgrade,Dumfries and Galloway,Chobe,Serbia,Europe
1228,Novi Sad,East Sussex,Francistown,Serbia,Europe
1229,Zemun,Devon,Kasa  Central,Serbia,Europe
1230,Kragujevac,East Riding of Yorkshire,Orange Walk,Serbia,Europe
1231,Bratislava,East Dunbartonshire,North Andros,Slovakia,Europe
1232,Nitra,Havering,Maniema,Slovakia,Europe
1233,Trnava,Enfield,Roraima,Slovakia,Europe
1234,Martin,Hammersmith and Fulham,New Providence,Slovakia,Europe
1235,Ljubljana,Ealing,Acklins,Slovenia,Europe
1236,Maribor,Falkirk,Homyel'skaya voblasts' (be) - Gomel'skaya oblast',Slovenia,Europe
1237,Celje,Dundee City,Manitoba,Slovenia,Europe
1238,Kranj,"Edinburgh, City of",West Grand Bahama,Slovenia,Europe
1239,Madrid,Gateshead,Pemagatshel,Spain,Europe
1240,Barcelona,Camden,Central Abaco,Spain,Europe
1241,Valencia,Dudley,Saba,Spain,Europe
1242,Sevilla,Fife,Kongo Central,Spain,Europe
1243,Longyearbyen,Denbighshire [Sir Ddinbych GB-DDB],Zhemgang,Svalbard and Jan Mayen,Europe
1244,Olonkinbyen,Dorset,Cat Island,Svalbard and Jan Mayen,Europe
1245,Stockholm,Doncaster,Bahia,Sweden,Europe
1246,Uppsala,Glasgow City,Rio de Janeiro,Sweden,Europe
1247,Sollentuna,Essex,Hrodzenskaya voblasts' (be) - Grodnenskaya oblast',Sweden,Europe
1248,Helsingborg,East Renfrewshire,Haa,Sweden,Europe
1249,Basel,Eilean Siar,San Salvador,Switzerland,Europe
1250,Bern,Highland,Par,Switzerland,Europe
1251,Lausanne,Hertfordshire,Inagua,Switzerland,Europe
1252,Winterthur,Haringey,North West,Switzerland,Europe
1253,Kyiv,Gloucestershire,Dagana,Ukraine,Europe
1254,Kharkiv,Hackney,Lhuentse,Ukraine,Europe
1255,Dnipro,East Ayrshire,Central Andros,Ukraine,Europe
1256,Donetsk,Fermanagh and Omagh,Corozal,Ukraine,Europe
1257,London,Greenwich,Long Island,United Kingdom,Europe
1258,Birmingham,Hounslow,East Grand Bahama,United Kingdom,Europe
1259,Liverpool,Hillingdon,Newfoundland and Labrador,United Kingdom,Europe
1260,Nottingham,Harrow,Rum Cay,United Kingdom,Europe
1261,Vatican City,Gwynedd,Punakha,Vatican City,Europe
1262,Mariehamn,Islington,Harbour Island,Åland,Europe
1263,Jomala,Isles of Scilly,Tsirang,Åland,Europe
1264,Lemland,Lambeth,Lomami,Åland,Europe
1265,Saltvik,Kingston upon Thames,Paran,Åland,Europe
1266,The Valley,Flintshire [Sir y Fflint GB-FFL],Kwango,Anguilla,North America
1267,Blowing Point Village,Knowsley,Samtse,Anguilla,North America
1268,Sandy Ground Village,Kirklees,City of Freeport,Anguilla,North America
1269,The Quarter,Kingston upon Hull,Gasa,Anguilla,North America
1270,All Saints,Lincolnshire,South Andros,Antigua and Barbuda,North America
1271,Piggotts,Leicester,Paro,Antigua and Barbuda,North America
1272,Liberta,Herefordshire,Monggar,Antigua and Barbuda,North America
1273,Bolands,Medway,Bangui,Antigua and Barbuda,North America
1274,Oranjestad,Lancashire,Trashi Yangtse,Aruba,North America
1275,Nassau,Inverclyde,Santa Catarina,Bahamas,North America
1276,Lucaya,Middlesbrough,North East,Bahamas,North America
1277,Freeport,Halton,Kasa,Bahamas,North America
1278,West End,Lewisham,Kgalagadi,Bahamas,North America
1279,Bridgetown,Kensington and Chelsea,Nord-Kivu,Barbados,North America
1280,Speightstown,Monmouthshire [Sir Fynwy GB-FYN],Samdrup Jongkhar,Barbados,North America
1281,Oistins,North Yorkshire,Wangdue Phodrang,Barbados,North America
1282,Bathsheba,North Lanarkshire,Trashigang,Barbados,North America
1283,Belize City,Merton,quateur,Belize,North America
1284,San Ignacio,North Somerset,Gaborone,Belize,North America
1285,Orange Walk,Kent,Mangrove Cay,Belize,North America
1286,Belmopan,Manchester,Central,Belize,North America
1287,Saint George,Hartlepool,Lobatse,Bermuda,North America
1288,Hamilton,Hampshire,Bumthang,Bermuda,North America
1289,Kralendijk,Isle of Wight,Kweneng,Bonaire,North America
1290,Dorp Antriol,Lisburn and Castlereagh,Jwaneng,Bonaire,North America
1291,Dorp Tera Kora,Leeds,Berry Islands,Bonaire,North America
1292,Oranjestad,Northumberland,Sowa Town,Bonaire,North America
1293,Road Town,Mid Ulster,Ghanzi,British Virgin Islands,North America
1294,Toronto,Liverpool,Nord-Ubangi,Canada,North America
1295,Calgary,Mid and East Antrim,Bresckaja voblasc (be) - Brestskaja oblast' (ru),Canada,North America
1296,Ottawa,"London, City of",Nova Scotia,Canada,North America
1297,Edmonton,Norfolk,British Columbia,Canada,North America
1298,George Town,Leicestershire,Kgatleng,Cayman Islands,North America
1299,West Bay,North Lincolnshire,Nunavut,Cayman Islands,North America
1300,Bodden Town,Luton,Mahilyowskaya voblasts' (be) - Mogilevskaya oblast,Cayman Islands,North America
1301,East End,Moray,Minskaya voblasts' (be) - Minskaya oblast' (ru),Cayman Islands,North America
1302,San Francisco,Midlothian,Ontario,Costa Rica,North America
1303,Alajuela,North East Lincolnshire,South Eleuthera,Costa Rica,North America
1304,Liberia,Newcastle upon Tyne,Horad Minsk,Costa Rica,North America
1305,Puntarenas,Pembrokeshire [Sir Benfro GB-BNF],Vitsyebskaya voblasts' (be) - Vitebskaya oblast' (,Costa Rica,North America
1306,Havana,Neath Port Talbot [Castell-nedd Port Talbot GB-CTL,Haut-Katanga,Cuba,North America
1307,Santiago de Cuba,North Ayrshire,Kinshasa,Cuba,North America
1308,Santa Clara,Nottinghamshire,Bas-U_l_,Cuba,North America
1309,Diez de Octubre,Slough,Belize,Cuba,North America
1310,Willemstad,Newham,Ituri,Curacao,North America
1311,Sint Michiel Liber,"Newry, Mourne and Down",Cayo,Curacao,North America
1312,Barber,Somerset,Yukon,Curacao,North America
1313,Dorp Soto,Sutton,South East,Curacao,North America
1314,Roseau,North Tyneside,Northwest Territories,Dominica,North America
1315,Portsmouth,Nottingham,Alberta,Dominica,North America
1316,Marigot,Northamptonshire,Kasa  Oriental,Dominica,North America
1317,Berekua,Powys,Kwilu,Dominica,North America
1318,Santo Domingo,Rotherham,Mai-Ndombe,Dominican Republic,North America
1319,Santiago de los Caballeros,Perth and Kinross,Southern,Dominican Republic,North America
1320,Santo Domingo Oeste,Milton Keynes,Mbomou,Dominican Republic,North America
1321,Santo Domingo Este,Merthyr Tydfil [Merthyr Tudful GB-MTU],Mongala,Dominican Republic,North America
1322,San Salvador,Renfrewshire,Selibe Phikwe,El Salvador,North America
1323,Soyapango,South Ayrshire,Stann Creek,El Salvador,North America
1324,Santa Ana,Newport [Casnewydd GB-CNW],Haut-U_l_,El Salvador,North America
1325,San Miguel,Solihull,New Brunswick,El Salvador,North America
1326,Nuuk,Oxfordshire,Bamingui-Bangoran,Greenland,North America
1327,Sisimiut,Sefton,Lualaba,Greenland,North America
1328,Ilulissat,Stockport,Quebec,Greenland,North America
1329,Qaqortoq,Shropshire,Tshopo,Greenland,North America
1330,Gouyave,Peterborough,Haut-Lomami,Grenada,North America
1331,Grenville,Reading,Ouham,Grenada,North America
1332,Victoria,Sandwell,Ouaka,Grenada,North America
1333,Sauteurs,Rutland,Basel-Landschaft (de),Grenada,North America
1334,Les Abymes,Salford,Gribingui,Guadeloupe,North America
1335,Baie-Mahault,"Rhondda, Cynon, Taff [Rhondda, Cynon,Taf]",Niari,Guadeloupe,North America
1336,Le Gosier,South Tyneside,Basse-Kotto,Guadeloupe,North America
1337,Petit-Bourg,Redcar and Cleveland,Sankuru,Guadeloupe,North America
1338,Guatemala City,Poole,Vaud (fr),Guatemala,North America
1339,Mixco,Plymouth,Vakaga,Guatemala,North America
1340,Villa Nueva,Sheffield,Ombella-Mpoko,Guatemala,North America
1341,Petapa,Swindon,Kouilou,Guatemala,North America
1342,Port-au-Prince,Portsmouth,Plateaux,Haiti,North America
1343,Carrefour,South Gloucestershire,Pool,Haiti,North America
1344,Delmas 73,Telford and Wrekin,Mamb_r_-Kad_,Haiti,North America
1345,Port-de-Paix,Suffolk,Sud-Kivu,Haiti,North America
1346,Tegucigalpa,Oldham,Sangha,Honduras,North America
1347,San Pedro Sula,Redbridge,G h-Djiboua,Honduras,North America
1348,Choloma,Rochdale,Sud-Ubangi,Honduras,North America
1349,La Ceiba,Orkney Islands,Gen ve (fr),Honduras,North America
1350,Kingston,Swansea [Abertawe GB-ATA],Bouenza,Jamaica,North America
1351,New Kingston,Thurrock,Haute-Kotto,Jamaica,North America
1352,Spanish Town,Stockton-on-Tees,Fribourg (fr),Jamaica,North America
1353,Portmore,Richmond upon Thames,Thurgau (de),Jamaica,North America
1354,Fort-de-France,"Scottish Borders, The",Pointe-Noire,Martinique,North America
1355,Le Lamentin,Southampton,Ticino (it),Martinique,North America
1356,Le Robert,Tameside,Sassandra-Marahou_,Martinique,North America
1357,Sainte-Marie,St. Helens,Likouala,Martinique,North America
1358,Mexico City,Trafford,Lagunes,Mexico,North America
1359,Iztapalapa,Stirling,Savanes,Mexico,North America
1360,Ecatepec,Sunderland,Tanganyika,Mexico,North America
1361,Guadalajara,West Dunbartonshire,Ouham-Pend_,Mexico,North America
1362,Brades,Warwickshire,North,Montserrat,North America
1363,Saint Peters,Torfaen [Tor-faen],Haut-Mbomou,Montserrat,North America
1364,Plymouth,Stoke-on-Trent,Magallanes,Montserrat,North America
1365,Managua,Southend-on-Sea,Brazzaville,Nicaragua,North America
1366,Masaya,West Berkshire,Dengu_l_,Nicaragua,North America
1367,Tipitapa,Surrey,Appenzell Ausserrhoden (de),Nicaragua,North America
1368,Chinandega,Staffordshire,Abidjan,Nicaragua,North America
1369,San Miguelito,Warrington,Appenzell Innerrhoden (de),Panama,North America
1370,Las Cumbres,Southwark,Lobaye,Panama,North America
1371,La Chorrera,Wrexham [Wrecsam GB-WRC],Tshuapa,Panama,North America
1372,Pedregal,Torbay,Coquimbo,Panama,North America
1373,San Juan,Wakefield,Cuvette-Ouest,Puerto Rico,North America
1374,Carolina,South Lanarkshire,Jura (fr),Puerto Rico,North America
1375,Ponce,Tower Hamlets,Nana-Mamb_r_,Puerto Rico,North America
1376,Caguas,Waltham Forest,Yamoussoukro,Puerto Rico,North America
1377,Gustavia,Wolverhampton,Z rich (de),Saint Barthélemy,North America
1378,Basseterre,Saint John,Bern (de),Saint Kitts and Nevis,North America
1379,Fig Tree,Windsor and Maidenhead,Aargau (de),Saint Kitts and Nevis,North America
1380,Market Shop,Westminster,Glarus (de),Saint Kitts and Nevis,North America
1381,Middle Island,Upper West,Anhui,Saint Kitts and Nevis,North America
1382,Castries,Worcestershire,Sangha,Saint Lucia,North America
1383,Vieux Fort,Western,Beijing,Saint Lucia,North America
1384,Micoud,Eastern,Basel-Stadt (de),Saint Lucia,North America
1385,Dennery,West Sussex,K_mo-Gribingui,Saint Lucia,North America
1386,Marigot,Greater Accra,Obwalden (de),Saint Martin,North America
1387,Saint-Pierre,Central,Montagnes,Saint Pierre and Miquelon,North America
1388,Miquelon,Kakhet'i,Nidwalden (de),Saint Pierre and Miquelon,North America
1389,Kingstown,Dabola,Graub nden (de),Saint Vincent and the Grenadines,North America
1390,Georgetown,Shida K'art'li,Schaffhausen (de),Saint Vincent and the Grenadines,North America
1391,Byera Village,Abkhazia,South-West,Saint Vincent and the Grenadines,North America
1392,Biabou,Imeret'i,Arica y Parinacota,Saint Vincent and the Grenadines,North America
1393,Cul de Sac,Walsall,Sankt Gallen (de),Sint Maarten,North America
1394,Koolbaai,Wirral,Shaanxi,Sint Maarten,North America
1395,Philipsburg,"Vale of Glamorgan, The [Bro Morgannwg GB-BMG]",uble,Sint Maarten,North America
1396,Chaguanas,Wokingham,North-West,Trinidad and Tobago,North America
1397,Mon Repos,Saint Patrick,Liaoning,Trinidad and Tobago,North America
1398,San Fernando,T'bilisi,Hunan,Trinidad and Tobago,North America
1399,Port of Spain,Wandsworth,Uri (de),Trinidad and Tobago,North America
1400,Cockburn Town,Ajaria,Vall_e du Bandama,Turks and Caicos Islands,North America
1401,Saint Croix,Wigan,Bas-Sassandra,U.S. Virgin Islands,North America
1402,Charlotte Amalie,York,Los R os,U.S. Virgin Islands,North America
1403,Cruz Bay,Saint Andrew,Shandong,U.S. Virgin Islands,North America
1404,New York City,Mts'khet'a-Mt'ianet'i,Amazonas,United States,North America
1405,Los Angeles,Shetland Islands,Lacs,United States,North America
1406,Chicago,Southern Grenadine Islands,Zug (de),United States,North America
1407,Brooklyn,Wiltshire,Neuch tel (fr),United States,North America
1408,Buenos Aires,Saint David,Solothurn (de),Argentina,South America
1409,Rosario,For_cariah,Luzern (de),Argentina,South America
1410,Mendoza,Northern,L_koumou,Argentina,South America
1411,La Plata,Guria,Atacama,Argentina,South America
1412,Santa Cruz de la Sierra,Western,Cauca,Bolivia,South America
1413,Cochabamba,West Lothian,Guangxi,Bolivia,South America
1414,La Paz,Saint Mark,Jiangsu,Bolivia,South America
1415,Sucre,Racha-Lech khumi-K vemo Svanet i,Zanzan,Bolivia,South America
1416,Rio de Janeiro,Saint George,Los Lagos,Brazil,South America
1417,Salvador,Volta,Cuvette,Brazil,South America
1418,Fortaleza,K'vemo K'art'li,Distrito Capital de Bogot,Brazil,South America
1419,Belo Horizonte,Brong-Ahafo,Valais (fr),Brazil,South America
1420,Santiago,Ashanti,Valle del Cauca,Chile,South America
1421,Puente Alto,Lower River,Santander,Chile,South America
1422,Antofagasta,Samegrelo-Zemo Svanet'i,West,Chile,South America
1423,Talcahuano,Bok_,Antofagasta,Chile,South America
1424,Cali,Kommune Kujalleq,Valpara so,Colombia,South America
1425,Barranquilla,North Bank,South,Colombia,South America
1426,Cartagena,Banjul,Adamaoua,Colombia,South America
1427,Bucaramanga,Qeqqata Kommunia,Far North,Colombia,South America
1428,Guayaquil,Coyah,Fujian,Ecuador,South America
1429,Quito,Dubr_ka,Ais_n del General Carlos Iba ez del Campo,Ecuador,South America
1430,Cuenca,Mandiana,Littoral,Ecuador,South America
1431,Santo Domingo de los Colorados,Samts'khe-Javakhet'i,Sucre,Ecuador,South America
1432,Stanley,Dinguiraye,Shanghai,Falkland Islands,South America
1433,Cayenne,Faranah,Schwyz (de),French Guiana,South America
1434,Matoury,Macenta,Zhejiang,French Guiana,South America
1435,Saint-Laurent-du-Maroni,L_louma,Matanzas,French Guiana,South America
1436,Kourou,Boffa,Nei Mongol (mn),French Guiana,South America
1437,Georgetown,Avannaata Kommunia,Woroba,Guyana,South America
1438,Linden,Beyla,Henan,Guyana,South America
1439,New Amsterdam,Siguiri,Jiangxi,Guyana,South America
1440,Anna Regina,Kommuneqarfik Sermersooq,Choc,Guyana,South America
1441,Ciudad del Este,Gaoual,Ningxia,Paraguay,South America
1442,San Lorenzo,Kankan,Guizhou,Paraguay,South America
1443,Fernando de la Mora,Peloponn sos,Santiago de Cuba,Paraguay,South America
1444,Limpio,Litoral,Hubei,Paraguay,South America
1445,Lima,Gu_k_dou,Maule,Peru,South America
1446,Arequipa,Kentrik  Makedon a,Aomen,Peru,South America
1447,Callao,Dalaba,Bol var,Peru,South America
1448,Trujillo,Annob n,Camag ey,Peru,South America
1449,Paramaribo,Koubia,La Araucan a,Suriname,South America
1450,Lelydorp,Upper East,Shanxi,Suriname,South America
1451,Brokopondo,Kommune Qeqertalik,Antioquia,Suriname,South America
1452,Nieuw Nickerie,Lola,"San Andr_s, Providencia y Santa Catalina",Suriname,South America
1453,Montevideo,Upper River,Caquet,Uruguay,South America
1454,Salto,Koundara,Yunnan,Uruguay,South America
1455,Las Piedras,Anatolik  Makedon a kai Thr ki,"Praha, Hlavn  me_to",Uruguay,South America
1456,Rivera,Centro Sur,Como_,Uruguay,South America
1457,Caracas,Kindia,Chongqing,Venezuela,South America
1458,Maracaibo,Central River,Ribeira Brava,Venezuela,South America
1459,Maracay,Nz_r_kor_,Guangdong,Venezuela,South America
1460,Valencia,Fria,Biob o,Venezuela,South America
1461,Pago Pago,Bioko Sur,Hainan,American Samoa,Oceania
1462,Leone,Stere  Ell da,Baden-W rttemberg,American Samoa,Oceania
1463,Faleniu,Bioko Norte,Risaralda,American Samoa,Oceania
1464,Mapusagafou,Attik,Sancti Sp ritus,American Samoa,Oceania
1465,Sydney,Ion a N sia,Norte de Santander,Australia,Oceania
1466,Melbourne,Kissidougou,S o Filipe,Australia,Oceania
1467,Brisbane,Thessal a,Libertador General Bernardo O'Higgins,Australia,Oceania
1468,Perth,K_rouan_,Arauca,Australia,Oceania
1469,Avarua,Pita,Casanare,Cook Islands,Oceania
1470,Dili,Kouroussa,Meta,East Timor,Oceania
1471,Same,Lab_,Cundinamarca,East Timor,Oceania
1472,Maliana,Vore o Aiga o,Quind o,East Timor,Oceania
1473,Suai,Tougu_,Granma,East Timor,Oceania
1474,Suva,Mali,Vichada,Fiji,Oceania
1475,Lautoka,T_lim_l_,Boyac,Fiji,Oceania
1476,Nadi,Mamou,Tianjin,Fiji,Oceania
1477,Labasa,Wele-Nzas,East,Fiji,Oceania
1478,Faaa,Yomou,Saarland,French Polynesia,Oceania
1479,Papeete,Dytiki Makedonia,Xizang,French Polynesia,Oceania
1480,Punaauia,peiros,Lim n,French Polynesia,Oceania
1481,Pirae,Escuintla,Putumayo,French Polynesia,Oceania
1482,Dededo Village,Ki_-Ntem,S o Domingos,Guam,Oceania
1483,Yigo Village,Alta Verapaz,Tarapac,Guam,Oceania
1484,Tamuning-Tumon-Harmon Village,Quich_,Nari o,Guam,Oceania
1485,Tamuning,Chimaltenango,Holgu n,Guam,Oceania
1486,Tarawa,Baja Verapaz,C rdoba,Kiribati,Oceania
1487,Betio Village,Jutiapa,Porto Novo,Kiribati,Oceania
1488,Bikenibeu Village,Izabal,Alajuela,Kiribati,Oceania
1489,Teaoraereke Village,Kr ti,S o Salvador do Mundo,Kiribati,Oceania
1490,Majuro,Dytik  Ell da,Ciego de  vila,Marshall Islands,Oceania
1491,Ebaye,El Progreso,Sichuan,Marshall Islands,Oceania
1492,Arno,Bissau,Gansu,Marshall Islands,Oceania
1493,Jabor,Santa Rosa,La Habana,Marshall Islands,Oceania
1494,Weno,Quinara,Regi n Metropolitana de Santiago,Micronesia,Oceania
1495,Tofol,Bafat,Guanacaste,Micronesia,Oceania
1496,Colonia,Guatemala,Ciudad de La Habana,Micronesia,Oceania
1497,Kolonia,Retalhuleu,Sal,Micronesia,Oceania
1498,Arijejen,Sacatep_quez,Magdalena,Nauru,Oceania
1499,Menen,East Berbice-Corentyne,Boa Vista,Nauru,Oceania
1500,Yaren,Pet_n,Maio,Nauru,Oceania
1501,Baiti,Cacheu,Vaup_s,Nauru,Oceania
1502,Tadine,Totonicap n,Taiwan,New Caledonia,Oceania
1503,Bourail,Gab,Bremen,New Caledonia,Oceania
1504,Canala,Atl ntida,Lemesos,New Caledonia,Oceania
1505,Koumac,Suchitep_quez,Santa Catarina,New Caledonia,Oceania
1506,Auckland,Essequibo Islands-West Demerara,S o Miguel,New Zealand,Oceania
1507,Wellington,Not o Aiga o,Ribeira Grande,New Zealand,Oceania
1508,Christchurch,Santa B rbara,Centre,New Zealand,Oceania
1509,Manukau City,Biombo,Larnaka,New Zealand,Oceania
1510,Alofi,Huehuetenango,Praia,Niue,Oceania
1511,Kingston,Zacapa,Xianggang,Norfolk Island,Oceania
1512,Saipan,Barima-Waini,Stredocesk_ kraj,Northern Mariana Islands,Oceania
1513,San Jose Village,Oio,Tarrafal,Northern Mariana Islands,Oceania
1514,Koror,Valle,Jilin,Palau,Oceania
1515,Koror Town,Solol,Jihocesk_ kraj,Palau,Oceania
1516,Kloulklubed,Jalapa,Las Tunas,Palau,Oceania
1517,Ulimang,Chiquimula,Ammochostos,Palau,Oceania
1518,Port Moresby,Demerara-Mahaica,Villa Clara,Papua New Guinea,Oceania
1519,Lae,El Para so,Heilongjiang,Papua New Guinea,Oceania
1520,Arawa,Upper Demerara-Berbice,steck_ kraj,Papua New Guinea,Oceania
1521,Mount Hagen,Mahaica-Berbice,Plzensk_ kraj,Papua New Guinea,Oceania
1522,Adamstown,Potaro-Siparuni,Cesar,Pitcairn Islands,Oceania
1523,Apia,Licko-senjska _upanija,Jihomoravsk_ kraj,Samoa,Oceania
1524,Asau,Koprivnicko-kri_evacka _upanija,Dikhil,Samoa,Oceania
1525,Mulifanua,Cop n,Puntarenas,Samoa,Oceania
1526,Faleula,Cuyuni-Mazaruni,Hessen,Samoa,Oceania
1527,Honiara,Comayagua,Karlovarsk_ kraj,Solomon Islands,Oceania
1528,Auki,San Marcos,Mecklenburg-Vorpommern,Solomon Islands,Oceania
1529,Gizo,Olancho,Xinjiang,Solomon Islands,Oceania
1530,Buala,Gracias a Dios,Keryneia,Solomon Islands,Oceania
1531,Atafu Village,Lempira,Huila,Tokelau,Oceania
1532,Nukunonu,Karlovacka _upanija,Kr lov_hradeck_ kraj,Tokelau,Oceania
1533,Fale old settlement,Ocotepeque,Libereck_ kraj,Tokelau,Oceania
1534,Neiafu,Quetzaltenango,Tarrafal de S o Nicolau,Tonga,Oceania
1535,Haveluloto,Tombali,Cienfuegos,Tonga,Oceania
1536,Vaini,Bolama,La Guajira,Tonga,Oceania
1537,Pangai,Col n,Hebei,Tonga,Oceania
1538,Funafuti,Islas de la Bah a,Cartago,Tuvalu,Oceania
1539,Alapi Village,Cort_s,S o Louren o dos  rg os,Tuvalu,Oceania
1540,Fakaifou Village,Bjelovarsko-bilogorska _upanija,Arta,Tuvalu,Oceania
1541,Savave Village,Pomeroon-Supenaam,Brava,Tuvalu,Oceania
1542,,Grad Zagreb,Moravskoslezsk_ kraj,U.S. Minor Outlying Islands,Oceania
1543,Port-Vila,Choluteca,Pardubick_ kraj,Vanuatu,Oceania
1544,Luganville,Krapinsko-zagorska _upanija,Zl nsk_ kraj,Vanuatu,Oceania
1545,Norsup,Intibuc,Sachsen-Anhalt,Vanuatu,Oceania
1546,Port-Olry,Upper Takutu-Upper Essequibo,Atl ntico,Vanuatu,Oceania
1547,Mata-Utu,Po_e_ko-slavonska _upanija,Tolima,Wallis and Futuna,Oceania
1548,Leava,Vukovarsko-srijemska _upanija,Qinghai,Wallis and Futuna,Oceania
1549,Alo,Francisco Moraz n,S o Vicente,Wallis and Futuna,Oceania
